7745.542 ,7911.857 ,8028.851 ,8102.122 ,8146.395 ,8138.421 ,8107.441 ,8058.420 ,7996.320 ,7925.110 ,7848.758 ,7777.206 ,7717.411 ,7671.348 ,7633.390 ,7603.886 ,7610.876 ,7667.558 ,7764.054 ,7889.017 ,8058.788 ,8215.460 ,8333.633 ,8449.786 ,8562.345 ,8595.484 ,8924.453 ,9711.339 ,10742.332 ,11707.472 ,12747.877 ,13228.326 ,12826.585 ,11867.375 ,11000.311 ,10098.668 ,9415.363 ,9142.882 ,9157.344 ,9106.044 ,9015.921 ,9147.915 ,9582.690 ,10205.912 ,10813.746 ,11436.359 ,11938.911 ,12230.066 ,12355.991 ,12481.265 ,12605.459 ,12512.703 ,12122.348 ,11533.281 ,10936.534 ,10307.692 ,9715.819 ,9219.146 ,8798.009 ,8338.350 ,7819.588 ,7507.067 ,7507.590 ,7689.687 ,7844.130 ,8047.615 ,7985.624 ,7491.594 ,6724.971 ,6010.630 ,5282.235 ,4654.506 ,4216.839 ,3907.745 ,3570.176 ,3228.139 ,2935.846 ,2702.229 ,2511.053 ,2338.477 ,2190.862 ,2029.589 ,1833.497 ,1618.907 ,1424.618 ,1244.449 ,1072.300 ,909.527 ,757.417 ,599.849 ,467.834 ,384.397 ,300.932 ,215.665 ,157.162 ,127.929 ,103.666 ,77.100 ,48.231 ,29.686 ,56.108 
7593.084 ,7792.451 ,7940.904 ,8043.674 ,8105.992 ,8133.087 ,8130.192 ,8102.537 ,8055.353 ,7993.870 ,7922.076 ,7843.956 ,7770.963 ,7710.817 ,7665.016 ,7626.724 ,7596.572 ,7602.791 ,7658.566 ,7754.084 ,7878.045 ,8046.746 ,8202.617 ,8320.419 ,8436.475 ,8548.939 ,8582.097 ,8910.844 ,9697.080 ,10727.200 ,11691.564 ,12731.142 ,13211.272 ,12810.006 ,11851.758 ,10985.530 ,10084.696 ,9401.978 ,9129.698 ,9144.046 ,9092.596 ,9002.275 ,9133.662 ,9567.288 ,10188.966 ,10795.183 ,11416.078 ,11916.811 ,12206.090 ,12330.106 ,12453.344 ,12575.313 ,12480.682 ,12089.035 ,11498.988 ,10900.906 ,10270.313 ,9676.767 ,9178.615 ,8755.845 ,8294.360 ,7774.093 ,7457.398 ,7449.745 ,7621.258 ,7765.445 ,7958.232 ,7887.974 ,7389.742 ,6621.585 ,5905.258 ,5174.943 ,4545.298 ,4105.340 ,3793.687 ,3454.077 ,3110.721 ,2815.704 ,2577.097 ,2379.741 ,2201.869 ,2049.589 ,1885.032 ,1687.671 ,1473.627 ,1280.437 ,1101.660 ,934.294 ,780.945 ,641.357 ,492.845 ,374.949 ,311.294 ,238.410 ,156.298 ,108.740 ,91.577 ,73.089 ,53.275 ,32.135 ,61.919 
7441.357 ,7617.023 ,7798.809 ,7936.409 ,8033.905 ,8095.381 ,8126.092 ,8131.292 ,8109.208 ,8061.577 ,7996.000 ,7922.358 ,7843.503 ,7769.675 ,7708.595 ,7661.821 ,7622.561 ,7591.415 ,7596.922 ,7652.418 ,7747.957 ,7871.937 ,8040.699 ,8196.681 ,8314.616 ,8430.820 ,8543.474 ,8576.854 ,8905.773 ,9692.095 ,10722.234 ,11686.605 ,12726.159 ,13206.240 ,12804.909 ,11846.561 ,10980.143 ,10078.992 ,9395.978 ,9123.469 ,9137.565 ,9085.690 ,8994.798 ,9125.293 ,9557.600 ,10177.600 ,10781.983 ,11400.892 ,11899.254 ,12185.697 ,12306.526 ,12426.377 ,12544.671 ,12446.493 ,12051.633 ,11458.492 ,10856.793 ,10221.920 ,9624.346 ,9122.725 ,8696.468 ,8231.294 ,7708.006 ,7384.326 ,7363.669 ,7518.683 ,7647.167 ,7823.833 ,7741.767 ,7238.715 ,6470.448 ,5753.654 ,5023.393 ,4394.101 ,3954.131 ,3642.355 ,3303.768 ,2962.741 ,2668.787 ,2428.952 ,2229.329 ,2050.210 ,1897.028 ,1734.603 ,1543.868 ,1339.608 ,1153.199 ,986.722 ,836.560 ,694.006 ,558.853 ,425.603 ,326.398 ,270.216 ,206.255 ,134.514 ,98.204 ,78.380 ,57.222 ,34.728 ,67.713 
7283.634 ,7514.803 ,7638.655 ,7802.792 ,7929.488 ,8021.677 ,8082.291 ,8116.610 ,8129.911 ,8113.407 ,8065.346 ,7995.691 ,7920.222 ,7840.655 ,7766.015 ,7704.017 ,7656.284 ,7616.069 ,7583.937 ,7588.729 ,7643.930 ,7739.460 ,7863.422 ,8032.193 ,8188.240 ,8306.270 ,8422.588 ,8535.397 ,8568.988 ,8897.980 ,9684.147 ,10713.991 ,11678.075 ,12717.287 ,13197.174 ,12795.899 ,11837.745 ,10971.399 ,10070.208 ,9387.104 ,9114.451 ,9128.290 ,9076.006 ,8984.569 ,9114.131 ,9544.987 ,10163.118 ,10765.481 ,11382.214 ,11878.052 ,12161.569 ,12279.172 ,12395.596 ,12510.175 ,12408.479 ,12010.524 ,11414.468 ,10809.332 ,10170.369 ,9568.948 ,9064.007 ,8634.391 ,8165.668 ,7639.517 ,7308.946 ,7275.279 ,7413.736 ,7526.466 ,7686.945 ,7593.087 ,7085.365 ,6317.222 ,5600.180 ,4870.196 ,4241.449 ,3801.601 ,3489.796 ,3152.338 ,2813.746 ,2520.945 ,2279.954 ,2078.124 ,1897.811 ,1743.774 ,1583.531 ,1399.486 ,1205.079 ,1025.513 ,871.396 ,738.498 ,606.790 ,476.117 ,358.180 ,277.710 ,229.025 ,174.012 ,112.673 ,84.119 ,61.470 ,37.440 ,73.498 
7131.843 ,7360.944 ,7554.148 ,7658.335 ,7804.778 ,7920.535 ,8007.392 ,8067.130 ,8105.049 ,8126.448 ,8115.531 ,8067.050 ,7993.334 ,7916.058 ,7835.799 ,7760.365 ,7697.467 ,7648.786 ,7607.625 ,7574.516 ,7578.592 ,7633.483 ,7728.980 ,7852.892 ,8021.629 ,8177.700 ,8295.797 ,8412.198 ,8525.132 ,8558.927 ,8887.907 ,9673.719 ,10703.004 ,11666.553 ,12705.157 ,13184.726 ,12783.611 ,11825.896 ,10959.845 ,10058.843 ,9375.826 ,9103.098 ,9116.676 ,9063.996 ,8972.039 ,9100.634 ,9529.928 ,10146.031 ,10746.220 ,11360.618 ,11853.804 ,12134.323 ,12248.669 ,12361.636 ,12472.471 ,12367.280 ,11966.332 ,11367.513 ,10759.094 ,10116.205 ,9511.090 ,9002.958 ,8570.092 ,8097.938 ,7569.059 ,7231.680 ,7185.010 ,7306.870 ,7403.815 ,7548.063 ,7442.435 ,6930.171 ,6162.349 ,5445.242 ,4715.722 ,4087.681 ,3648.068 ,3336.316 ,3000.071 ,2664.002 ,2372.429 ,2130.343 ,1926.357 ,1744.897 ,1590.044 ,1432.025 ,1254.719 ,1070.216 ,897.540 ,755.824 ,640.227 ,519.401 ,393.242 ,290.653 ,228.943 ,187.767 ,141.719 ,90.799 ,66.123 ,40.339 ,79.411 
7000.264 ,7215.083 ,7404.046 ,7568.005 ,7676.326 ,7805.046 ,7909.843 ,7991.350 ,8050.198 ,8091.708 ,8121.198 ,8115.869 ,8066.979 ,7989.221 ,7910.154 ,7829.221 ,7753.011 ,7689.225 ,7639.608 ,7597.511 ,7563.431 ,7566.791 ,7621.360 ,7716.803 ,7840.638 ,8009.303 ,8165.364 ,8283.501 ,8399.960 ,8512.996 ,8546.986 ,8875.883 ,9661.165 ,10689.666 ,11652.469 ,12690.237 ,13169.383 ,12768.516 ,11811.449 ,10945.883 ,10045.270 ,9362.489 ,9089.746 ,9103.061 ,9049.996 ,8957.538 ,9085.138 ,9512.777 ,10126.717 ,10724.601 ,11336.530 ,11826.957 ,12104.415 ,12215.481 ,12324.966 ,12432.033 ,12323.373 ,11919.521 ,11318.071 ,10706.505 ,10059.832 ,9451.156 ,8939.946 ,8503.926 ,8028.447 ,7496.956 ,7152.845 ,7093.187 ,7198.428 ,7279.570 ,7407.560 ,7290.188 ,6773.498 ,6006.165 ,5289.151 ,4560.255 ,3933.058 ,3493.776 ,3182.144 ,2847.188 ,2513.714 ,2223.433 ,1980.307 ,1774.210 ,1591.642 ,1436.007 ,1280.247 ,1109.716 ,935.156 ,769.406 ,640.119 ,541.844 ,431.923 ,310.305 ,223.080 ,180.138 ,146.479 ,109.404 ,68.911 ,43.514 ,85.649 
6898.422 ,7087.450 ,7261.903 ,7421.265 ,7565.018 ,7692.644 ,7803.627 ,7897.449 ,7973.592 ,8031.539 ,8076.628 ,8114.197 ,8114.452 ,8065.164 ,7983.383 ,7902.545 ,7820.956 ,7743.986 ,7679.327 ,7628.786 ,7585.762 ,7550.720 ,7553.363 ,7607.599 ,7702.967 ,7826.697 ,7995.255 ,8151.273 ,8269.424 ,8385.916 ,8499.028 ,8533.206 ,8861.948 ,9646.533 ,10674.026 ,11635.876 ,12672.584 ,13151.204 ,12750.671 ,11794.460 ,10929.566 ,10029.535 ,9347.137 ,9074.439 ,9087.487 ,9034.049 ,8941.112 ,9067.691 ,9493.582 ,10105.229 ,10700.679 ,11310.009 ,11797.572 ,12071.913 ,12179.676 ,12285.659 ,12388.938 ,12276.834 ,11870.167 ,11266.219 ,10651.639 ,10001.324 ,9389.222 ,8875.047 ,8435.969 ,7957.270 ,7423.284 ,7072.521 ,6999.896 ,7088.508 ,7153.841 ,7265.558 ,7136.476 ,6615.473 ,5848.795 ,5132.029 ,4403.914 ,3777.696 ,3338.841 ,3027.397 ,2693.800 ,2362.991 ,2074.064 ,1829.950 ,1621.789 ,1438.154 ,1281.771 ,1128.301 ,964.578 ,799.991 ,641.198 ,524.359 ,443.415 ,344.415 ,227.360 ,155.509 ,131.330 ,105.190 ,77.088 ,47.025 ,92.368 
6840.653 ,6918.978 ,7093.355 ,7258.789 ,7413.800 ,7556.907 ,7687.613 ,7805.423 ,7903.931 ,7979.687 ,8034.165 ,8077.662 ,8114.568 ,8114.050 ,8063.870 ,7981.143 ,7899.367 ,7816.814 ,7739.140 ,7674.183 ,7623.624 ,7580.584 ,7545.569 ,7548.300 ,7602.657 ,7698.178 ,7822.093 ,7990.847 ,8147.076 ,8265.452 ,8382.154 ,8495.458 ,8529.828 ,8858.581 ,9642.910 ,10669.966 ,11631.344 ,12667.492 ,13145.634 ,12744.799 ,11788.364 ,10923.070 ,10022.437 ,9339.469 ,9066.297 ,9078.818 ,9024.566 ,8930.559 ,9055.535 ,9479.125 ,10087.859 ,10680.140 ,11286.091 ,11769.437 ,12038.481 ,12140.193 ,12239.874 ,12336.425 ,12217.964 ,11805.734 ,11196.631 ,10576.236 ,9919.352 ,9300.993 ,8781.199 ,8336.496 ,7852.234 ,7313.980 ,6953.711 ,6863.498 ,6930.065 ,6974.824 ,7065.603 ,6922.856 ,6399.655 ,5638.549 ,4927.132 ,4205.625 ,3586.093 ,3152.574 ,2845.905 ,2518.804 ,2195.831 ,1914.733 ,1678.026 ,1477.231 ,1299.669 ,1154.707 ,1012.757 ,858.930 ,700.741 ,556.806 ,457.172 ,385.386 ,298.265 ,195.808 ,141.903 ,113.961 ,83.647 ,50.962 ,99.682 
6813.672 ,6915.030 ,6936.884 ,7096.532 ,7252.877 ,7403.474 ,7545.879 ,7679.617 ,7804.213 ,7907.373 ,7982.713 ,8033.698 ,8075.585 ,8111.814 ,8110.522 ,8059.468 ,7975.828 ,7893.144 ,7809.658 ,7731.311 ,7666.079 ,7615.521 ,7572.483 ,7537.508 ,7540.325 ,7594.784 ,7690.421 ,7814.473 ,7983.357 ,8139.738 ,8258.293 ,8375.162 ,8488.612 ,8523.162 ,8851.799 ,9635.570 ,10661.792 ,11622.329 ,12657.517 ,13134.997 ,12734.014 ,11777.724 ,10912.363 ,10011.474 ,9328.197 ,9054.657 ,9066.645 ,9011.600 ,8916.558 ,9039.882 ,9461.006 ,10066.591 ,10655.471 ,11257.809 ,11736.748 ,12000.387 ,12096.004 ,12189.340 ,12279.120 ,12154.342 ,11736.705 ,11122.677 ,10496.701 ,9833.495 ,9209.113 ,8683.896 ,8233.734 ,7744.092 ,7201.773 ,6832.130 ,6724.350 ,6768.830 ,6792.982 ,6862.772 ,6706.404 ,6181.206 ,5425.968 ,4720.178 ,4005.562 ,3392.960 ,2964.948 ,2663.177 ,2342.703 ,2027.695 ,1754.542 ,1525.338 ,1331.993 ,1160.577 ,1027.100 ,896.733 ,752.869 ,601.145 ,472.134 ,389.756 ,327.164 ,251.964 ,164.157 ,123.482 ,90.799 ,55.228 ,107.450 
6807.117 ,6855.384 ,6928.153 ,6952.867 ,7097.739 ,7244.950 ,7391.091 ,7532.755 ,7669.488 ,7800.836 ,7908.621 ,7983.523 ,8031.000 ,8071.265 ,8106.807 ,8104.742 ,8052.828 ,7968.297 ,7884.728 ,7800.332 ,7721.334 ,7655.846 ,7605.303 ,7562.277 ,7527.354 ,7530.255 ,7584.801 ,7680.527 ,7804.682 ,7973.649 ,8130.139 ,8248.840 ,8365.842 ,8479.409 ,8514.128 ,8842.559 ,9625.554 ,10650.657 ,11610.085 ,12644.025 ,13120.711 ,12719.691 ,11763.811 ,10898.624 ,9997.729 ,9314.334 ,9040.501 ,9051.953 ,8996.130 ,8900.079 ,9021.717 ,9440.257 ,10042.524 ,10627.841 ,11226.397 ,11700.795 ,11958.955 ,12048.450 ,12135.414 ,12218.398 ,12087.338 ,11664.408 ,11045.625 ,10414.242 ,9744.898 ,9114.666 ,8584.170 ,8128.674 ,7633.788 ,7087.555 ,6708.638 ,6583.320 ,6605.697 ,6609.233 ,6658.012 ,6488.066 ,5961.015 ,5211.856 ,4511.890 ,3804.364 ,3198.863 ,2776.478 ,2479.689 ,2165.931 ,1858.977 ,1593.845 ,1372.209 ,1186.368 ,1021.146 ,899.193 ,780.448 ,646.587 ,501.370 ,387.321 ,322.224 ,268.845 ,205.589 ,132.456 ,98.278 ,59.740 ,115.829 
6805.135 ,6806.366 ,6842.143 ,6907.376 ,6967.587 ,7097.663 ,7235.717 ,7377.377 ,7518.273 ,7657.975 ,7796.051 ,7908.438 ,7982.890 ,8026.852 ,8065.489 ,8100.336 ,8097.498 ,8044.735 ,7959.329 ,7874.890 ,7789.600 ,7709.964 ,7644.232 ,7593.714 ,7550.709 ,7515.842 ,7518.828 ,7573.450 ,7669.249 ,7793.483 ,7962.504 ,8119.074 ,8237.900 ,8355.014 ,8468.676 ,8503.558 ,8831.723 ,9613.801 ,10637.601 ,11595.747 ,12628.253 ,13104.059 ,12703.075 ,11747.777 ,10882.920 ,9982.182 ,9298.792 ,9024.717 ,9035.630 ,8979.039 ,8881.998 ,9001.928 ,9417.809 ,10016.650 ,10598.299 ,11192.966 ,11662.740 ,11915.377 ,11998.735 ,12079.314 ,12155.489 ,12018.172 ,11590.027 ,10966.604 ,10329.930 ,9654.571 ,9018.603 ,8482.927 ,8022.181 ,7522.141 ,6972.094 ,6583.976 ,6441.148 ,6441.426 ,6424.353 ,6452.120 ,6268.630 ,5739.822 ,4996.876 ,4302.858 ,3602.548 ,3004.255 ,2587.571 ,2295.816 ,1988.829 ,1689.982 ,1432.916 ,1218.885 ,1040.579 ,881.579 ,771.167 ,664.061 ,540.225 ,401.539 ,302.467 ,254.657 ,210.497 ,159.192 ,100.743 ,64.377 ,125.005 
6795.525 ,6762.781 ,6770.301 ,6812.754 ,6884.810 ,6981.138 ,7096.407 ,7225.286 ,7362.445 ,7502.552 ,7645.198 ,7789.972 ,7906.940 ,7980.929 ,8021.371 ,8058.374 ,8092.522 ,8088.914 ,8035.310 ,7949.043 ,7863.749 ,7777.579 ,7697.320 ,7631.355 ,7580.870 ,7537.893 ,7503.088 ,7506.158 ,7560.848 ,7656.702 ,7780.996 ,7950.042 ,8106.666 ,8225.597 ,8342.804 ,8456.542 ,8491.582 ,8819.426 ,9600.458 ,10622.785 ,11579.490 ,12610.392 ,13085.239 ,12684.357 ,11729.800 ,10865.417 ,9964.986 ,9281.715 ,9007.442 ,9017.816 ,8960.467 ,8862.452 ,8980.655 ,9393.811 ,9989.129 ,10567.015 ,11157.698 ,11622.773 ,11869.847 ,11947.059 ,12021.245 ,12090.602 ,11947.055 ,11513.771 ,10885.814 ,10243.958 ,9562.700 ,8921.108 ,8380.344 ,7914.428 ,7409.321 ,6855.555 ,6458.306 ,6298.003 ,6276.198 ,6238.533 ,6245.297 ,6048.303 ,5517.829 ,4781.215 ,4093.256 ,3400.273 ,2809.282 ,2398.365 ,2111.688 ,1811.519 ,1520.822 ,1271.860 ,1065.464 ,894.718 ,741.962 ,643.103 ,547.644 ,433.847 ,301.711 ,217.622 ,187.095 ,152.154 ,112.801 ,69.034 ,135.083 
6781.990 ,6775.347 ,6758.067 ,6775.358 ,6822.816 ,6896.039 ,6989.713 ,7098.525 ,7222.630 ,7359.450 ,7501.846 ,7644.883 ,7789.093 ,7905.399 ,7978.618 ,8018.240 ,8054.430 ,8087.744 ,8083.524 ,8029.655 ,7943.364 ,7858.047 ,7771.891 ,7691.694 ,7625.818 ,7575.445 ,7532.610 ,7497.963 ,7501.199 ,7556.055 ,7652.060 ,7776.467 ,7945.572 ,8102.213 ,8221.117 ,8338.225 ,8451.816 ,8486.709 ,8814.092 ,9594.214 ,10615.345 ,11570.807 ,12600.295 ,13074.071 ,12672.718 ,11718.014 ,10853.160 ,9951.924 ,9267.833 ,8992.772 ,9002.162 ,8943.373 ,8843.535 ,8958.804 ,9367.530 ,9957.205 ,10529.098 ,11113.503 ,11570.984 ,11808.799 ,11875.649 ,11939.241 ,11997.547 ,11843.714 ,11401.593 ,10765.718 ,10115.351 ,9424.925 ,8775.016 ,8227.266 ,7754.866 ,7243.831 ,6686.318 ,6279.113 ,6098.998 ,6052.228 ,5991.959 ,5975.973 ,5766.786 ,5240.442 ,4519.042 ,3846.012 ,3169.510 ,2595.541 ,2200.396 ,1928.832 ,1640.960 ,1370.057 ,1145.505 ,953.217 ,787.656 ,648.171 ,561.439 ,476.520 ,376.014 ,259.921 ,197.300 ,160.875 ,119.713 ,73.813 ,146.301 
6761.041 ,6705.604 ,6754.326 ,6752.523 ,6779.588 ,6832.047 ,6906.429 ,6997.437 ,7099.775 ,7219.088 ,7355.551 ,7500.220 ,7643.630 ,7787.258 ,7902.888 ,7975.327 ,8014.124 ,8049.497 ,8081.971 ,8077.141 ,8023.014 ,7936.708 ,7851.379 ,7765.247 ,7685.122 ,7619.342 ,7569.087 ,7526.401 ,7491.916 ,7495.317 ,7550.332 ,7646.478 ,7770.982 ,7940.126 ,8096.765 ,8215.626 ,8332.622 ,8446.052 ,8480.792 ,8807.674 ,9586.790 ,10606.600 ,11560.700 ,12588.647 ,13061.294 ,12659.518 ,11704.783 ,10839.565 ,9937.635 ,9252.807 ,8976.990 ,8985.394 ,8925.173 ,8823.522 ,8935.840 ,9340.084 ,9924.041 ,10489.866 ,11067.918 ,11517.744 ,11746.265 ,11802.739 ,11855.723 ,11902.963 ,11738.857 ,11287.946 ,10644.228 ,9985.424 ,9285.909 ,8627.757 ,8073.083 ,7594.252 ,7077.348 ,6516.156 ,6099.038 ,5899.120 ,5827.376 ,5744.497 ,5705.748 ,5484.385 ,4962.240 ,4256.152 ,3598.141 ,2938.214 ,2381.347 ,2002.033 ,1745.625 ,1470.093 ,1219.030 ,1018.931 ,840.782 ,680.430 ,554.241 ,479.656 ,405.293 ,318.098 ,218.073 ,169.245 ,126.441 ,78.670 ,158.444 
6732.574 ,6683.455 ,6664.751 ,6732.049 ,6745.728 ,6782.566 ,6840.019 ,6915.546 ,7003.869 ,7099.712 ,7214.210 ,7350.291 ,7497.207 ,7640.965 ,7783.984 ,7898.915 ,7970.560 ,8008.525 ,8043.073 ,8074.703 ,8069.263 ,8014.887 ,7928.583 ,7843.257 ,7757.165 ,7677.127 ,7611.456 ,7561.329 ,7518.799 ,7484.482 ,7488.048 ,7543.213 ,7639.480 ,7764.059 ,7933.210 ,8089.819 ,8208.615 ,8325.476 ,8438.724 ,8473.305 ,8799.626 ,9577.592 ,10595.891 ,11548.453 ,12574.669 ,13046.098 ,12643.974 ,11689.385 ,10823.962 ,9921.504 ,9236.066 ,8959.544 ,8966.960 ,8905.317 ,8801.872 ,8911.217 ,9310.902 ,9889.031 ,10448.683 ,11020.272 ,11462.358 ,11681.539 ,11727.624 ,11769.987 ,11806.148 ,11631.796 ,11172.176 ,10520.730 ,9853.610 ,9145.132 ,8478.856 ,7917.359 ,7432.184 ,6909.504 ,6344.734 ,5917.778 ,5698.087 ,5601.375 ,5495.893 ,5434.382 ,5200.880 ,4683.030 ,3992.390 ,3349.526 ,2706.301 ,2166.645 ,1803.237 ,1562.037 ,1298.899 ,1067.729 ,892.127 ,728.155 ,573.044 ,460.179 ,397.758 ,333.968 ,260.105 ,176.172 ,132.827 ,83.466 ,171.154 
6697.939 ,6660.604 ,6645.779 ,6651.725 ,6708.001 ,6737.156 ,6783.755 ,6846.186 ,6922.839 ,7008.455 ,7097.778 ,7207.431 ,7343.094 ,7492.218 ,7636.285 ,7778.657 ,7892.861 ,7963.694 ,8000.816 ,8034.531 ,8065.307 ,8059.258 ,8004.648 ,7918.369 ,7833.068 ,7747.039 ,7667.109 ,7601.564 ,7551.578 ,7509.215 ,7475.076 ,7478.807 ,7534.105 ,7630.469 ,7755.090 ,7924.204 ,8080.740 ,8199.441 ,8316.137 ,8429.173 ,8463.586 ,8789.259 ,9565.870 ,10582.390 ,11533.163 ,12557.377 ,13027.466 ,12625.098 ,11670.908 ,10805.508 ,9902.760 ,9216.892 ,8939.739 ,8946.165 ,8883.116 ,8777.904 ,8884.249 ,9279.271 ,9851.419 ,10404.751 ,10969.728 ,11403.958 ,11613.743 ,11649.427 ,11681.158 ,11706.234 ,11521.682 ,11053.476 ,10394.476 ,9719.215 ,9001.962 ,8327.739 ,7759.568 ,7268.177 ,6739.860 ,6171.662 ,5734.981 ,5495.579 ,5373.926 ,5245.872 ,5161.618 ,4916.041 ,4402.622 ,3727.610 ,3100.059 ,2473.704 ,1951.399 ,1603.990 ,1378.060 ,1127.385 ,916.166 ,765.105 ,615.351 ,465.521 ,366.008 ,315.766 ,262.564 ,202.051 ,134.229 ,88.027 ,183.937 
6658.561 ,6634.344 ,6625.252 ,6630.606 ,6649.726 ,6681.932 ,6726.545 ,6782.884 ,6850.271 ,6928.024 ,7010.910 ,7093.691 ,7198.468 ,7333.673 ,7484.958 ,7629.291 ,7770.973 ,7884.414 ,7954.414 ,7990.683 ,8023.554 ,8053.469 ,8046.814 ,7991.986 ,7905.758 ,7820.509 ,7734.569 ,7654.771 ,7589.372 ,7539.541 ,7497.358 ,7463.408 ,7467.300 ,7522.717 ,7619.148 ,7743.772 ,7912.798 ,8069.215 ,8187.784 ,8304.279 ,8417.069 ,8451.304 ,8776.231 ,9551.251 ,10565.686 ,11514.382 ,12536.285 ,13004.890 ,12602.403 ,11648.899 ,10783.786 ,9881.023 ,9194.933 ,8917.233 ,8922.668 ,8858.233 ,8751.288 ,8854.602 ,9244.843 ,9810.843 ,10357.691 ,10915.888 ,11342.136 ,11542.467 ,11567.747 ,11588.846 ,11602.834 ,11408.147 ,10931.503 ,10265.153 ,9581.962 ,8856.159 ,8174.198 ,7599.530 ,7102.077 ,6568.287 ,5996.837 ,5550.570 ,5291.542 ,5145.003 ,4994.433 ,4887.476 ,4629.906 ,4121.072 ,3461.882 ,2849.825 ,2240.518 ,1735.710 ,1404.395 ,1193.793 ,955.648 ,764.430 ,637.938 ,502.439 ,357.931 ,271.791 ,233.734 ,191.130 ,143.976 ,92.275 ,196.437 
6620.983 ,6648.787 ,6632.703 ,6628.793 ,6636.850 ,6656.666 ,6687.579 ,6728.928 ,6782.771 ,6849.806 ,6928.465 ,7011.276 ,7093.483 ,7197.608 ,7332.081 ,7482.602 ,7626.176 ,7767.080 ,7879.957 ,7949.722 ,7985.984 ,8018.854 ,8048.806 ,8042.225 ,7987.481 ,7901.349 ,7816.232 ,7730.443 ,7650.809 ,7585.584 ,7535.923 ,7493.890 ,7460.066 ,7464.029 ,7519.441 ,7615.797 ,7740.270 ,7909.035 ,8065.187 ,8183.526 ,8299.753 ,8412.180 ,8446.041 ,8770.137 ,9543.663 ,10556.178 ,11502.867 ,12522.485 ,12989.304 ,12585.908 ,11631.952 ,10765.858 ,9861.567 ,9173.858 ,8894.505 ,8897.915 ,8830.742 ,8720.485 ,8818.616 ,9201.150 ,9757.450 ,10294.215 ,10842.123 ,11255.906 ,11440.939 ,11449.219 ,11453.336 ,11449.937 ,11239.928 ,10751.407 ,10075.594 ,9382.618 ,8646.863 ,7956.486 ,7375.382 ,6872.637 ,6335.009 ,5763.029 ,5309.876 ,5033.442 ,4864.412 ,4694.321 ,4567.353 ,4304.644 ,3813.412 ,3186.749 ,2590.814 ,2015.044 ,1573.360 ,1266.024 ,1050.788 ,834.217 ,670.082 ,557.426 ,437.235 ,309.508 ,242.195 ,197.561 ,148.954 ,96.373 ,209.012 
6576.990 ,6583.254 ,6637.817 ,6629.875 ,6631.152 ,6641.913 ,6662.422 ,6692.036 ,6730.111 ,6781.446 ,6848.117 ,6927.669 ,7010.389 ,7092.008 ,7195.462 ,7329.177 ,7478.907 ,7621.696 ,7761.796 ,7874.088 ,7943.606 ,7979.855 ,8012.718 ,8042.702 ,8036.196 ,7981.545 ,7895.526 ,7810.556 ,7724.932 ,7645.478 ,7580.439 ,7530.956 ,7489.081 ,7455.388 ,7459.421 ,7514.820 ,7611.083 ,7735.382 ,7903.856 ,8059.714 ,8177.802 ,8293.740 ,8405.785 ,8439.265 ,8762.470 ,9534.364 ,10544.776 ,11489.287 ,12506.436 ,12971.384 ,12567.151 ,11612.912 ,10745.993 ,9840.334 ,9151.127 ,8870.171 ,8871.553 ,8801.652 ,8688.099 ,8781.028 ,9155.779 ,9702.273 ,10228.852 ,10766.364 ,11167.598 ,11337.288 ,11328.553 ,11315.674 ,11294.876 ,11069.570 ,10569.251 ,9884.089 ,9181.442 ,8435.860 ,7737.184 ,7149.743 ,6641.790 ,6100.419 ,5528.010 ,5068.046 ,4774.243 ,4582.736 ,4393.140 ,4246.167 ,3978.360 ,3504.832 ,2910.835 ,2331.141 ,1789.035 ,1410.605 ,1127.319 ,907.486 ,712.544 ,575.541 ,476.753 ,371.903 ,260.992 ,203.963 ,153.820 ,100.405 ,221.606 
6531.149 ,6552.935 ,6572.200 ,6625.197 ,6625.401 ,6631.866 ,6645.330 ,6666.527 ,6694.833 ,6729.624 ,6778.437 ,6844.728 ,6925.153 ,7007.763 ,7088.773 ,7191.529 ,7324.454 ,7473.355 ,7615.323 ,7754.584 ,7866.264 ,7935.516 ,7971.744 ,8004.590 ,8034.599 ,8028.171 ,7973.626 ,7887.741 ,7802.939 ,7717.503 ,7638.247 ,7573.410 ,7524.119 ,7482.411 ,7448.859 ,7452.961 ,7508.331 ,7604.478 ,7728.573 ,7896.713 ,8052.239 ,8170.047 ,8285.667 ,8397.301 ,8430.392 ,8752.627 ,9522.696 ,10530.754 ,11472.851 ,12487.279 ,12950.238 ,12545.269 ,11590.985 ,10723.454 ,9816.651 ,9126.118 ,8843.627 ,8842.980 ,8770.368 ,8653.546 ,8741.247 ,9108.121 ,9644.669 ,10160.927 ,10687.907 ,11076.488 ,11230.788 ,11205.034 ,11175.157 ,11136.958 ,10896.406 ,10384.409 ,9690.065 ,8977.919 ,8222.692 ,7515.886 ,6922.251 ,6409.216 ,5864.233 ,5291.539 ,4824.876 ,4513.770 ,4299.825 ,4090.764 ,3923.816 ,3650.977 ,3195.277 ,2634.103 ,2070.800 ,1562.505 ,1247.443 ,988.287 ,763.909 ,590.652 ,480.825 ,395.933 ,306.456 ,212.394 ,159.272 ,104.639 ,234.037 
6490.005 ,6523.671 ,6551.215 ,6574.232 ,6610.598 ,6618.947 ,6630.598 ,6646.759 ,6668.638 ,6695.628 ,6727.125 ,6773.402 ,6839.293 ,6920.567 ,7003.042 ,7083.418 ,7185.448 ,7317.542 ,7465.570 ,7606.675 ,7745.055 ,7856.089 ,7925.056 ,7961.251 ,7994.072 ,8024.097 ,8017.747 ,7963.325 ,7877.599 ,7792.992 ,7707.768 ,7628.734 ,7564.119 ,7515.033 ,7473.505 ,7440.104 ,7444.274 ,7499.600 ,7595.601 ,7719.454 ,7887.212 ,8042.359 ,8159.851 ,8275.119 ,8386.309 ,8419.001 ,8740.169 ,9508.183 ,10513.586 ,11452.989 ,12464.392 ,12925.226 ,12519.641 ,11565.597 ,10697.714 ,9790.039 ,9098.385 ,8814.444 ,8811.770 ,8736.469 ,8616.413 ,8698.861 ,9057.749 ,9584.194 ,10089.979 ,10606.271 ,10982.086 ,11120.952 ,11078.190 ,11031.328 ,10975.743 ,10720.020 ,10196.501 ,9493.183 ,8771.753 ,8007.108 ,7292.386 ,6692.736 ,6174.773 ,5626.343 ,5053.533 ,4580.312 ,4252.000 ,4015.685 ,3787.226 ,3600.357 ,3322.569 ,2884.828 ,2356.639 ,1809.891 ,1335.553 ,1083.941 ,848.988 ,620.132 ,468.607 ,385.985 ,315.011 ,240.930 ,163.743 ,109.426 ,246.088 
6457.882 ,6497.826 ,6529.721 ,6555.246 ,6576.078 ,6593.897 ,6610.381 ,6627.210 ,6646.061 ,6668.613 ,6694.281 ,6722.477 ,6766.205 ,6831.676 ,6913.771 ,6996.085 ,7075.803 ,7177.073 ,7308.295 ,7455.403 ,7595.601 ,7733.057 ,7843.409 ,7912.069 ,7948.220 ,7981.005 ,8011.036 ,8004.767 ,7950.486 ,7864.947 ,7780.560 ,7695.575 ,7616.789 ,7552.415 ,7503.551 ,7462.216 ,7428.976 ,7433.213 ,7488.477 ,7584.302 ,7707.874 ,7875.195 ,8029.914 ,8147.054 ,8261.932 ,8372.643 ,8404.926 ,8724.925 ,9490.640 ,10493.070 ,11429.479 ,12437.537 ,12896.100 ,12490.029 ,11536.529 ,10668.573 ,9760.317 ,9067.765 ,8782.466 ,8777.766 ,8699.802 ,8576.554 ,8653.727 ,9004.521 ,9520.702 ,10015.861 ,10521.309 ,10884.248 ,11007.649 ,10947.907 ,10884.088 ,10811.148 ,10540.349 ,10005.484 ,9293.426 ,8562.951 ,7789.140 ,7066.736 ,6461.269 ,5938.547 ,5386.847 ,4814.106 ,4334.483 ,3989.084 ,3730.494 ,3482.725 ,3276.012 ,2993.367 ,2573.711 ,2078.649 ,1548.618 ,1108.360 ,920.226 ,709.531 ,476.275 ,346.513 ,291.099 ,234.055 ,175.382 ,115.079 ,257.750 
6446.983 ,6465.503 ,6500.814 ,6529.912 ,6554.148 ,6574.876 ,6593.793 ,6612.599 ,6630.913 ,6649.392 ,6670.431 ,6695.202 ,6722.802 ,6765.867 ,6830.608 ,6911.953 ,6993.524 ,7072.479 ,7173.212 ,7304.241 ,7451.393 ,7591.639 ,7729.183 ,7839.656 ,7908.436 ,7944.712 ,7977.659 ,8007.874 ,8001.786 ,7947.671 ,7862.279 ,7778.026 ,7693.158 ,7614.440 ,7550.075 ,7501.163 ,7459.732 ,7426.330 ,7430.376 ,7485.430 ,7581.001 ,7704.181 ,7870.929 ,8025.092 ,8141.764 ,8256.128 ,8366.169 ,8397.760 ,8716.314 ,9479.493 ,10478.674 ,11411.688 ,12415.907 ,12871.359 ,12463.489 ,11508.859 ,10638.934 ,9727.838 ,9032.301 ,8743.976 ,8735.671 ,8653.112 ,8524.632 ,8593.256 ,8930.897 ,9430.554 ,9909.020 ,10397.783 ,10741.486 ,10842.414 ,10758.551 ,10671.109 ,10574.457 ,10284.141 ,9736.259 ,9015.926 ,8277.652 ,7497.127 ,6770.138 ,6162.226 ,5638.852 ,5088.868 ,4521.230 ,4044.218 ,3696.435 ,3433.708 ,3181.479 ,2989.005 ,2716.422 ,2313.458 ,1829.424 ,1346.511 ,977.367 ,808.842 ,621.065 ,414.037 ,312.552 ,250.338 ,186.693 ,121.617 ,269.463 
6445.387 ,6476.662 ,6471.201 ,6501.863 ,6528.152 ,6551.093 ,6571.709 ,6591.721 ,6612.844 ,6632.639 ,6650.741 ,6670.258 ,6694.125 ,6721.121 ,6763.508 ,6827.500 ,6908.071 ,6988.873 ,7067.041 ,7167.206 ,7298.002 ,7445.154 ,7585.407 ,7723.000 ,7833.560 ,7902.438 ,7938.829 ,7971.928 ,8002.319 ,7996.414 ,7942.482 ,7857.263 ,7773.169 ,7688.441 ,7609.817 ,7545.479 ,7496.534 ,7455.018 ,7421.465 ,7425.318 ,7480.146 ,7575.434 ,7698.185 ,7864.309 ,8017.871 ,8134.038 ,8247.854 ,8357.192 ,8388.081 ,8705.093 ,9465.506 ,10461.138 ,11390.475 ,12390.551 ,12842.755 ,12433.206 ,11477.730 ,10606.095 ,9692.428 ,8994.112 ,8702.843 ,8690.933 ,8603.801 ,8470.121 ,8530.169 ,8854.546 ,9337.516 ,9799.133 ,10271.051 ,10595.400 ,10673.804 ,10565.826 ,10454.768 ,10334.414 ,10024.652 ,9463.904 ,8735.505 ,7989.647 ,7202.635 ,6471.273 ,5861.098 ,5337.226 ,4789.124 ,4226.762 ,3752.506 ,3402.440 ,3135.651 ,2879.034 ,2700.870 ,2438.437 ,2052.299 ,1579.448 ,1143.835 ,845.974 ,697.125 ,532.341 ,351.623 ,269.483 ,199.921 ,128.965 ,281.370 
6445.384 ,6466.210 ,6484.400 ,6475.045 ,6501.050 ,6524.522 ,6546.160 ,6566.660 ,6587.759 ,6611.195 ,6632.465 ,6650.185 ,6668.174 ,6691.130 ,6717.514 ,6759.211 ,6822.435 ,6902.208 ,6982.218 ,7059.577 ,7159.145 ,7289.672 ,7436.781 ,7577.000 ,7714.602 ,7825.217 ,7894.175 ,7930.670 ,7963.912 ,7994.470 ,7988.750 ,7935.015 ,7849.994 ,7766.083 ,7681.521 ,7603.012 ,7538.721 ,7489.755 ,7448.167 ,7414.473 ,7418.131 ,7472.718 ,7567.695 ,7689.981 ,7855.435 ,8008.350 ,8123.981 ,8237.215 ,8345.819 ,8375.996 ,8691.376 ,9448.804 ,10440.601 ,11365.994 ,12361.640 ,12810.464 ,12399.354 ,11443.305 ,10570.210 ,9654.233 ,8953.337 ,8659.207 ,8643.695 ,8552.012 ,8413.170 ,8464.624 ,8775.639 ,9241.780 ,9686.412 ,10141.346 ,10446.242 ,10502.097 ,10370.027 ,10235.380 ,10091.352 ,9762.228 ,9188.773 ,8452.514 ,7699.284 ,6906.009 ,6170.483 ,5558.217 ,5033.998 ,4487.936 ,3931.012 ,3459.648 ,3107.400 ,2836.625 ,2575.691 ,2411.891 ,2159.687 ,1790.489 ,1328.958 ,940.782 ,714.307 ,585.181 ,443.443 ,289.094 ,216.431 ,137.880 ,294.494 
6436.197 ,6449.202 ,6462.135 ,6475.259 ,6477.256 ,6498.597 ,6519.248 ,6539.577 ,6559.955 ,6582.137 ,6607.879 ,6630.618 ,6647.952 ,6664.408 ,6686.448 ,6712.214 ,6753.211 ,6815.651 ,6894.607 ,6973.805 ,7050.335 ,7149.282 ,7279.505 ,7426.535 ,7566.685 ,7704.260 ,7814.903 ,7883.923 ,7920.513 ,7953.890 ,7984.607 ,7979.074 ,7925.550 ,7840.747 ,7757.041 ,7672.665 ,7594.291 ,7530.062 ,7481.090 ,7439.439 ,7405.613 ,7409.076 ,7463.407 ,7558.050 ,7679.841 ,7844.582 ,7996.813 ,8111.877 ,8224.502 ,8332.344 ,8361.802 ,8675.471 ,9429.724 ,10417.436 ,11338.653 ,12329.619 ,12774.953 ,12362.385 ,11406.004 ,10531.669 ,9613.614 ,8910.315 ,8613.400 ,8594.290 ,8498.082 ,8354.115 ,8396.963 ,8694.543 ,9143.742 ,9571.282 ,10009.122 ,10294.495 ,10327.791 ,10171.672 ,10013.476 ,9845.817 ,9497.420 ,8911.407 ,8167.475 ,7407.066 ,6607.729 ,5868.226 ,5254.025 ,4729.591 ,4185.706 ,3634.359 ,3166.005 ,2811.665 ,2536.972 ,2271.790 ,2122.391 ,1880.476 ,1528.306 ,1078.209 ,737.553 ,582.499 ,473.123 ,354.460 ,226.510 ,149.328 ,310.170 
6410.222 ,6421.782 ,6434.280 ,6447.761 ,6462.264 ,6477.834 ,6494.510 ,6512.336 ,6531.354 ,6551.604 ,6574.862 ,6602.901 ,6627.104 ,6644.046 ,6658.968 ,6680.087 ,6705.228 ,6745.515 ,6807.156 ,6885.275 ,6963.642 ,7039.325 ,7137.626 ,7267.513 ,7414.428 ,7554.473 ,7691.988 ,7802.630 ,7871.694 ,7908.370 ,7941.873 ,7972.741 ,7967.395 ,7914.097 ,7829.534 ,7746.053 ,7661.884 ,7583.665 ,7519.515 ,7470.548 ,7428.845 ,7394.895 ,7398.162 ,7452.225 ,7546.509 ,7667.775 ,7831.763 ,7983.272 ,8097.741 ,8209.728 ,8316.782 ,8345.514 ,8657.394 ,9408.285 ,10391.667 ,11308.479 ,12294.520 ,12736.253 ,12322.333 ,11365.861 ,10490.507 ,9570.607 ,8865.085 ,8565.460 ,8542.761 ,8442.056 ,8293.004 ,8327.243 ,8611.323 ,9043.480 ,9453.834 ,9874.483 ,10140.277 ,10151.025 ,9970.915 ,9789.229 ,9598.000 ,9230.433 ,8632.018 ,7880.609 ,7113.217 ,6308.025 ,5564.734 ,4948.754 ,4424.237 ,3882.664 ,3337.029 ,2871.801 ,2515.458 ,2236.920 ,1967.560 ,1832.588 ,1601.015 ,1265.948 ,827.388 ,534.301 ,450.650 ,361.036 ,265.459 ,163.920 ,329.482 
6371.483 ,6405.912 ,6420.880 ,6435.604 ,6450.304 ,6465.197 ,6480.345 ,6495.809 ,6512.595 ,6531.236 ,6551.478 ,6574.339 ,6601.779 ,6625.309 ,6641.508 ,6655.663 ,6676.022 ,6700.386 ,6740.119 ,6801.544 ,6879.684 ,6958.078 ,7033.828 ,7132.238 ,7262.251 ,7409.307 ,7549.533 ,7687.251 ,7798.094 ,7867.340 ,7904.177 ,7937.833 ,7968.842 ,7963.584 ,7910.300 ,7825.691 ,7742.125 ,7657.817 ,7579.440 ,7515.130 ,7465.974 ,7423.989 ,7389.649 ,7392.484 ,7446.087 ,7539.836 ,7660.330 ,7823.224 ,7973.687 ,8087.287 ,8198.333 ,8304.188 ,8331.730 ,8640.955 ,9387.049 ,10364.263 ,11274.721 ,12253.660 ,12689.757 ,12272.781 ,11314.640 ,10436.343 ,9512.331 ,8802.148 ,8497.215 ,8468.035 ,8359.757 ,8202.634 ,8223.723 ,8487.495 ,8894.416 ,9279.922 ,9676.252 ,9915.430 ,9896.788 ,9686.502 ,9476.117 ,9256.965 ,8868.800 ,8260.534 ,7507.394 ,6739.671 ,5936.078 ,5199.677 ,4596.619 ,4089.430 ,3558.894 ,3038.266 ,2612.801 ,2270.755 ,1987.255 ,1737.452 ,1612.273 ,1403.189 ,1104.684 ,716.758 ,506.368 ,408.978 ,301.038 ,182.547 ,352.441 
6316.834 ,6347.730 ,6400.850 ,6419.227 ,6436.177 ,6452.094 ,6467.374 ,6482.099 ,6496.349 ,6512.093 ,6530.354 ,6550.586 ,6573.047 ,6599.883 ,6622.738 ,6638.192 ,6651.578 ,6671.174 ,6694.758 ,6733.931 ,6795.134 ,6873.285 ,6951.697 ,7027.506 ,7126.014 ,7256.136 ,7403.318 ,7543.706 ,7681.612 ,7792.642 ,7862.062 ,7899.056 ,7932.861 ,7964.008 ,7958.839 ,7905.576 ,7820.930 ,7737.289 ,7652.852 ,7574.326 ,7509.863 ,7460.524 ,7418.262 ,7383.536 ,7385.938 ,7439.074 ,7532.277 ,7651.984 ,7813.765 ,7963.164 ,8075.882 ,8185.973 ,8290.615 ,8316.963 ,8623.497 ,9364.702 ,10335.631 ,11239.624 ,12211.344 ,12641.750 ,12221.765 ,11262.067 ,10380.928 ,9452.909 ,8738.146 ,8427.937 ,8392.276 ,8276.434 ,8111.255 ,8119.184 ,8362.604 ,8744.227 ,9104.827 ,9476.777 ,9689.297 ,9641.252 ,9400.798 ,9161.722 ,8914.656 ,8505.928 ,7887.876 ,7133.092 ,6365.127 ,5563.227 ,4833.807 ,4243.749 ,3753.958 ,3234.526 ,2738.981 ,2353.351 ,2025.650 ,1737.217 ,1507.013 ,1391.647 ,1205.089 ,943.200 ,605.981 ,465.584 ,343.776 ,204.814 ,378.778 
6252.577 ,6299.099 ,6339.643 ,6394.945 ,6416.730 ,6435.903 ,6453.037 ,6468.703 ,6483.002 ,6496.036 ,6510.735 ,6528.615 ,6548.833 ,6570.890 ,6597.119 ,6619.296 ,6634.002 ,6646.617 ,6665.449 ,6688.249 ,6726.857 ,6787.829 ,6865.982 ,6944.400 ,7020.258 ,7118.851 ,7249.066 ,7396.353 ,7536.886 ,7674.962 ,7786.165 ,7855.750 ,7892.896 ,7926.846 ,7958.126 ,7953.047 ,7899.812 ,7815.140 ,7731.435 ,7646.880 ,7568.216 ,7503.608 ,7454.092 ,7411.558 ,7376.451 ,7378.419 ,7431.081 ,7523.726 ,7642.631 ,7803.277 ,7951.591 ,8063.411 ,8172.533 ,8275.949 ,8301.099 ,8604.900 ,9341.119 ,10305.633 ,11203.040 ,12167.411 ,12592.068 ,12169.128 ,11207.999 ,10324.131 ,9392.227 ,8672.976 ,8357.531 ,8315.390 ,8191.998 ,8018.782 ,8013.546 ,8236.575 ,8592.843 ,8928.482 ,9275.995 ,9461.822 ,9384.369 ,9113.769 ,8846.025 ,8571.070 ,8141.826 ,7514.065 ,6757.736 ,5989.631 ,5189.530 ,4467.189 ,3890.212 ,3417.888 ,2909.633 ,2439.243 ,2093.512 ,1780.202 ,1486.874 ,1276.304 ,1170.770 ,1006.769 ,781.543 ,495.091 ,388.923 ,229.100 ,410.355 
6187.580 ,6247.451 ,6298.718 ,6342.245 ,6387.555 ,6412.743 ,6434.135 ,6452.481 ,6468.529 ,6482.400 ,6494.214 ,6507.865 ,6525.359 ,6545.559 ,6567.208 ,6592.824 ,6614.317 ,6628.273 ,6640.114 ,6658.175 ,6680.186 ,6718.221 ,6778.948 ,6857.084 ,6935.492 ,7011.380 ,7110.035 ,7240.313 ,7387.672 ,7528.317 ,7666.531 ,7777.881 ,7847.614 ,7884.904 ,7918.990 ,7950.397 ,7945.409 ,7892.214 ,7807.536 ,7723.786 ,7639.132 ,7560.348 ,7495.611 ,7445.930 ,7403.133 ,7367.654 ,7369.187 ,7421.364 ,7513.428 ,7631.504 ,7790.977 ,7938.173 ,8049.069 ,8157.197 ,8259.361 ,8283.309 ,8584.305 ,9315.367 ,10273.243 ,11163.857 ,12120.655 ,12539.464 ,12113.668 ,11151.330 ,10264.940 ,9329.368 ,8605.796 ,8285.188 ,8236.578 ,8105.664 ,7924.451 ,7906.053 ,8108.641 ,8439.472 ,8750.072 ,9073.070 ,9232.160 ,9125.320 ,8824.640 ,8528.291 ,8225.511 ,7775.852 ,7138.529 ,6380.832 ,5612.765 ,4814.648 ,4099.553 ,3535.790 ,3081.042 ,2584.082 ,2138.954 ,1833.200 ,1534.354 ,1236.198 ,1045.311 ,949.632 ,808.226 ,619.712 ,384.091 ,252.625 ,449.489 
6127.905 ,6195.252 ,6252.995 ,6302.058 ,6343.368 ,6377.850 ,6406.429 ,6430.031 ,6449.581 ,6466.005 ,6479.443 ,6490.034 ,6502.632 ,6519.734 ,6539.909 ,6561.143 ,6586.136 ,6606.938 ,6620.138 ,6631.202 ,6648.487 ,6669.702 ,6707.150 ,6767.610 ,6845.700 ,6924.069 ,6999.961 ,7098.642 ,7228.935 ,7376.312 ,7517.018 ,7655.319 ,7766.776 ,7836.631 ,7874.051 ,7908.262 ,7939.784 ,7934.888 ,7881.753 ,7797.100 ,7713.336 ,7628.614 ,7549.738 ,7484.896 ,7435.067 ,7392.024 ,7356.185 ,7357.284 ,7408.956 ,7500.407 ,7617.610 ,7775.854 ,7921.878 ,8031.812 ,8138.906 ,8239.784 ,8262.520 ,8560.605 ,9286.247 ,10237.141 ,11120.642 ,12069.525 ,12482.338 ,12053.842 ,11090.647 ,10202.058 ,9263.159 ,8535.532 ,8209.881 ,8154.825 ,8016.440 ,7827.303 ,7795.756 ,7977.844 ,8283.134 ,8568.599 ,8866.980 ,8999.294 ,8863.124 ,8532.491 ,8207.664 ,7877.188 ,7407.290 ,6760.643 ,6001.853 ,5234.103 ,4438.260 ,3730.666 ,3180.313 ,2743.295 ,2257.802 ,1838.083 ,1572.390 ,1288.108 ,985.236 ,814.088 ,728.293 ,609.517 ,457.761 ,273.024 ,497.333 
6084.301 ,6135.132 ,6198.042 ,6253.111 ,6300.950 ,6342.170 ,6377.717 ,6408.536 ,6433.563 ,6452.735 ,6467.672 ,6480.215 ,6490.200 ,6502.125 ,6518.495 ,6537.920 ,6558.411 ,6582.648 ,6602.908 ,6615.895 ,6626.975 ,6644.286 ,6665.568 ,6703.135 ,6763.747 ,6842.017 ,6920.601 ,6996.732 ,7095.653 ,7226.173 ,7373.758 ,7514.663 ,7653.154 ,7764.732 ,7834.613 ,7871.980 ,7906.108 ,7937.502 ,7932.447 ,7879.130 ,7794.263 ,7710.210 ,7625.116 ,7545.853 ,7480.633 ,7430.394 ,7386.792 ,7350.220 ,7350.530 ,7401.390 ,7491.915 ,7607.798 ,7764.192 ,7908.400 ,8016.739 ,8122.072 ,8220.774 ,8241.368 ,8534.860 ,9252.322 ,10192.758 ,11065.594 ,12002.740 ,12406.109 ,11972.199 ,11005.839 ,10112.392 ,9167.219 ,8432.492 ,8098.646 ,8033.771 ,7884.664 ,7684.928 ,7635.525 ,7789.269 ,8059.512 ,8311.619 ,8578.317 ,8678.153 ,8508.869 ,8146.691 ,7792.776 ,7434.100 ,6950.590 ,6311.394 ,5574.870 ,4813.477 ,4048.107 ,3410.351 ,2885.123 ,2437.280 ,1988.918 ,1626.556 ,1386.063 ,1129.274 ,856.189 ,748.773 ,626.450 ,473.411 ,289.656 ,556.434 
6046.856 ,6109.512 ,6141.063 ,6199.517 ,6251.899 ,6298.503 ,6339.624 ,6376.229 ,6409.285 ,6435.731 ,6454.522 ,6467.966 ,6479.613 ,6488.988 ,6500.238 ,6515.871 ,6534.542 ,6554.286 ,6577.759 ,6597.473 ,6610.243 ,6621.337 ,6638.671 ,6660.016 ,6697.694 ,6758.445 ,6836.878 ,6915.661 ,6992.015 ,7091.155 ,7221.874 ,7369.636 ,7510.711 ,7649.363 ,7761.039 ,7830.928 ,7868.236 ,7902.272 ,7933.533 ,7928.319 ,7874.833 ,7789.768 ,7705.445 ,7619.995 ,7540.361 ,7474.779 ,7424.138 ,7379.987 ,7342.688 ,7342.209 ,7392.246 ,7481.825 ,7596.361 ,7750.872 ,7893.232 ,7999.952 ,8103.499 ,8200.004 ,8218.449 ,8507.280 ,9216.404 ,10146.174 ,11008.149 ,11933.350 ,12327.181 ,11887.944 ,10918.622 ,10020.502 ,9069.250 ,8327.574 ,7985.596 ,7910.909 ,7751.102 ,7540.801 ,7473.536 ,7598.881 ,7833.988 ,8052.655 ,8287.587 ,8354.896 ,8152.507 ,7758.834 ,7375.880 ,6989.057 ,6492.026 ,5860.422 ,5146.340 ,4391.472 ,3656.763 ,3089.039 ,2589.070 ,2130.488 ,1719.382 ,1414.503 ,1199.283 ,970.065 ,726.849 ,628.194 ,477.878 ,302.798 ,624.649 
6012.136 ,6066.169 ,6117.307 ,6145.096 ,6199.077 ,6248.754 ,6294.107 ,6335.117 ,6372.770 ,6408.052 ,6435.911 ,6454.314 ,6466.260 ,6477.006 ,6485.769 ,6496.340 ,6511.232 ,6529.142 ,6548.132 ,6570.834 ,6589.996 ,6602.546 ,6613.650 ,6631.001 ,6652.402 ,6690.180 ,6751.051 ,6829.623 ,6908.581 ,6985.135 ,7084.463 ,7215.341 ,7363.234 ,7504.435 ,7643.205 ,7754.944 ,7824.822 ,7862.057 ,7895.992 ,7927.109 ,7921.739 ,7868.099 ,7782.863 ,7698.296 ,7612.517 ,7532.537 ,7466.612 ,7415.585 ,7370.897 ,7332.884 ,7331.616 ,7380.814 ,7469.419 ,7582.572 ,7735.151 ,7875.617 ,7980.685 ,8082.414 ,8176.690 ,8192.980 ,8477.061 ,9177.624 ,10096.437 ,10947.281 ,11860.247 ,12244.414 ,11799.985 ,10828.000 ,9925.483 ,8968.445 ,8220.047 ,7870.041 ,7785.560 ,7615.098 ,7394.294 ,7309.183 ,7406.080 ,7605.967 ,7791.116 ,7994.199 ,8028.950 ,7793.506 ,7368.449 ,6956.565 ,6541.706 ,6031.304 ,5407.490 ,4716.078 ,3967.970 ,3264.160 ,2766.667 ,2292.118 ,1822.936 ,1449.226 ,1201.942 ,1012.070 ,810.504 ,597.243 ,477.116 ,313.735 ,695.610 
5975.534 ,6020.883 ,6066.480 ,6111.935 ,6147.225 ,6196.717 ,6243.675 ,6287.764 ,6328.650 ,6367.338 ,6404.835 ,6434.097 ,6452.107 ,6462.553 ,6472.395 ,6480.543 ,6490.432 ,6504.577 ,6521.722 ,6539.952 ,6561.877 ,6580.481 ,6592.806 ,6603.918 ,6621.280 ,6642.730 ,6680.597 ,6741.569 ,6820.256 ,6899.364 ,6976.093 ,7075.580 ,7206.575 ,7354.554 ,7495.837 ,7634.682 ,7746.450 ,7816.293 ,7853.445 ,7887.269 ,7918.232 ,7912.707 ,7858.930 ,7773.549 ,7688.765 ,7602.684 ,7522.382 ,7456.134 ,7404.738 ,7359.528 ,7320.812 ,7318.755 ,7367.099 ,7454.703 ,7566.439 ,7717.039 ,7855.570 ,7958.952 ,8058.833 ,8150.852 ,8164.982 ,8444.225 ,9136.013 ,10043.588 ,10883.041 ,11783.492 ,12157.881 ,11708.398 ,10734.052 ,9827.418 ,8864.892 ,8110.005 ,7752.082 ,7657.837 ,7476.777 ,7245.540 ,7142.615 ,7211.042 ,7375.657 ,7527.241 ,7698.420 ,7700.612 ,7432.196 ,6975.896 ,6535.219 ,6092.459 ,5568.847 ,4953.015 ,4284.481 ,3543.362 ,2870.659 ,2443.531 ,1994.543 ,1514.909 ,1178.699 ,989.072 ,824.599 ,650.738 ,467.489 ,324.740 ,760.681 
5934.100 ,5973.155 ,6014.698 ,6058.078 ,6102.647 ,6147.753 ,6192.745 ,6236.974 ,6279.790 ,6320.541 ,6360.253 ,6399.953 ,6430.610 ,6448.222 ,6457.166 ,6466.102 ,6473.634 ,6482.839 ,6496.235 ,6512.610 ,6530.076 ,6551.219 ,6569.260 ,6581.358 ,6592.474 ,6609.844 ,6631.337 ,6669.282 ,6730.340 ,6809.121 ,6888.358 ,6965.243 ,7064.861 ,7195.941 ,7343.966 ,7485.295 ,7624.179 ,7735.946 ,7805.738 ,7842.797 ,7876.500 ,7907.301 ,7901.623 ,7847.723 ,7762.220 ,7677.241 ,7590.879 ,7510.277 ,7443.725 ,7391.973 ,7346.253 ,7306.844 ,7303.999 ,7351.478 ,7438.058 ,7548.349 ,7696.933 ,7833.493 ,7935.166 ,8033.174 ,8122.913 ,8134.882 ,8409.220 ,9092.060 ,9988.169 ,10816.023 ,11703.736 ,12068.256 ,11613.841 ,10637.390 ,9726.879 ,8759.120 ,7997.946 ,7632.206 ,7528.230 ,7336.627 ,7095.027 ,6974.330 ,7014.294 ,7143.625 ,7261.632 ,7400.891 ,7370.551 ,7069.261 ,6581.864 ,6112.533 ,5642.012 ,5105.338 ,4497.641 ,3852.139 ,3118.197 ,2476.750 ,2120.037 ,1696.704 ,1206.752 ,908.098 ,776.127 ,637.074 ,490.940 ,337.725 ,814.077 
5893.838 ,5932.499 ,5972.792 ,6015.204 ,6059.126 ,6103.947 ,6149.039 ,6193.770 ,6237.637 ,6280.074 ,6320.408 ,6359.586 ,6398.684 ,6428.672 ,6445.550 ,6453.741 ,6461.931 ,6468.701 ,6477.364 ,6490.551 ,6506.951 ,6524.449 ,6545.667 ,6563.830 ,6576.071 ,6587.353 ,6604.925 ,6626.644 ,6664.820 ,6726.101 ,6805.090 ,6884.527 ,6961.602 ,7061.344 ,7192.452 ,7340.432 ,7481.686 ,7620.457 ,7732.069 ,7801.665 ,7838.487 ,7871.896 ,7902.335 ,7896.276 ,7841.996 ,7756.084 ,7670.583 ,7583.564 ,7502.287 ,7435.078 ,7382.608 ,7335.921 ,7295.254 ,7291.013 ,7336.985 ,7421.818 ,7529.703 ,7674.998 ,7808.302 ,7907.067 ,8001.876 ,8087.823 ,8096.240 ,8362.686 ,9031.230 ,9909.093 ,10718.674 ,11586.596 ,11935.730 ,11473.452 ,10493.599 ,9577.608 ,8603.166 ,7833.601 ,7456.711 ,7338.929 ,7133.822 ,6880.602 ,6738.730 ,6743.269 ,6829.070 ,6906.864 ,7007.634 ,6946.342 ,6625.918 ,6129.308 ,5642.233 ,5183.107 ,4679.518 ,4085.288 ,3426.998 ,2745.828 ,2198.369 ,1874.531 ,1493.147 ,1054.218 ,813.620 ,666.273 ,512.819 ,353.260 ,854.231 
5850.258 ,5885.139 ,5930.039 ,5971.566 ,6014.841 ,6059.297 ,6104.366 ,6149.437 ,6193.900 ,6237.399 ,6279.451 ,6319.361 ,6358.000 ,6396.490 ,6425.803 ,6441.945 ,6449.381 ,6456.823 ,6462.831 ,6470.951 ,6483.927 ,6500.348 ,6517.877 ,6539.167 ,6557.448 ,6569.831 ,6581.277 ,6599.049 ,6620.991 ,6659.392 ,6720.887 ,6800.075 ,6879.700 ,6956.953 ,7056.804 ,7187.923 ,7335.835 ,7476.994 ,7615.631 ,7727.072 ,7796.464 ,7833.043 ,7866.151 ,7896.224 ,7889.785 ,7835.133 ,7748.824 ,7662.814 ,7575.150 ,7493.209 ,7425.353 ,7372.172 ,7324.525 ,7282.605 ,7276.966 ,7321.424 ,7404.498 ,7509.960 ,7651.943 ,7781.970 ,7877.811 ,7969.408 ,8051.547 ,8056.411 ,8314.922 ,8969.067 ,9828.548 ,10619.731 ,11467.727 ,11801.417 ,11331.340 ,10348.226 ,9426.884 ,8445.897 ,7668.048 ,7280.058 ,7148.479 ,6929.893 ,6665.084 ,6502.049 ,6471.143 ,6513.382 ,6550.934 ,6613.182 ,6520.933 ,6181.412 ,5675.658 ,5170.900 ,4723.241 ,4252.826 ,3672.154 ,3001.166 ,2372.891 ,1919.541 ,1628.641 ,1289.281 ,901.461 ,707.746 ,542.885 ,370.682 ,883.220 
5804.910 ,5840.227 ,5879.083 ,5926.814 ,5969.570 ,6013.703 ,6058.688 ,6103.998 ,6149.042 ,6193.231 ,6236.356 ,6278.018 ,6317.500 ,6355.593 ,6393.471 ,6422.106 ,6437.509 ,6444.188 ,6450.882 ,6456.127 ,6463.702 ,6476.466 ,6492.906 ,6510.463 ,6531.822 ,6550.219 ,6562.742 ,6574.351 ,6592.321 ,6614.484 ,6653.104 ,6714.806 ,6794.181 ,6873.984 ,6951.407 ,7051.353 ,7182.465 ,7330.291 ,7471.337 ,7609.823 ,7721.078 ,7790.256 ,7826.588 ,7859.392 ,7889.093 ,7882.275 ,7827.258 ,7740.563 ,7654.056 ,7565.757 ,7483.162 ,7414.669 ,7360.783 ,7312.182 ,7269.015 ,7261.979 ,7304.917 ,7386.220 ,7489.245 ,7627.897 ,7754.630 ,7847.535 ,7935.906 ,8014.227 ,8015.535 ,8266.077 ,8905.736 ,9746.721 ,10519.400 ,11347.357 ,11665.557 ,11187.740 ,10201.491 ,9274.916 ,8287.509 ,7501.475 ,7102.433 ,6957.073 ,6725.032 ,6448.666 ,6264.484 ,6198.133 ,6196.795 ,6194.093 ,6217.804 ,6094.603 ,5736.025 ,5221.190 ,4698.812 ,4262.680 ,3825.504 ,3258.468 ,2574.866 ,1999.578 ,1640.414 ,1382.494 ,1085.209 ,748.559 ,580.873 ,390.775 ,907.296 
5759.834 ,5795.635 ,5834.525 ,5875.977 ,5922.649 ,5966.626 ,6011.611 ,6057.117 ,6102.661 ,6147.672 ,6191.580 ,6234.324 ,6275.590 ,6314.636 ,6352.178 ,6389.437 ,6417.390 ,6432.051 ,6437.973 ,6443.918 ,6448.398 ,6455.428 ,6467.977 ,6484.434 ,6502.017 ,6523.441 ,6541.951 ,6554.613 ,6566.382 ,6584.548 ,6606.927 ,6645.762 ,6707.660 ,6787.210 ,6867.178 ,6944.757 ,7044.784 ,7175.868 ,7323.584 ,7464.495 ,7602.808 ,7713.859 ,7782.812 ,7818.891 ,7851.386 ,7880.711 ,7873.516 ,7818.142 ,7731.075 ,7644.083 ,7555.165 ,7471.929 ,7402.809 ,7348.227 ,7298.679 ,7254.272 ,7245.841 ,7287.252 ,7366.771 ,7467.344 ,7602.643 ,7726.062 ,7816.016 ,7901.147 ,7975.638 ,7973.390 ,8215.924 ,8840.998 ,9663.355 ,10417.410 ,11225.198 ,11527.860 ,11042.379 ,10053.151 ,9121.492 ,8127.821 ,7333.728 ,6923.699 ,6764.581 ,6519.124 ,6231.245 ,6025.948 ,5924.165 ,5879.256 ,5836.304 ,5821.478 ,5667.349 ,5289.773 ,4765.938 ,4226.026 ,3801.488 ,3397.618 ,2844.307 ,2148.200 ,1625.984 ,1361.054 ,1136.153 ,880.986 ,595.553 ,414.505 ,935.494 
5716.237 ,5751.589 ,5789.795 ,5830.412 ,5872.997 ,5917.105 ,5962.293 ,6008.117 ,6054.135 ,6099.901 ,6144.868 ,6188.485 ,6230.839 ,6271.698 ,6310.301 ,6347.283 ,6383.916 ,6411.180 ,6425.096 ,6430.260 ,6435.454 ,6439.170 ,6445.652 ,6457.984 ,6474.455 ,6492.058 ,6513.543 ,6532.162 ,6544.959 ,6556.887 ,6575.243 ,6597.833 ,6636.873 ,6698.954 ,6778.660 ,6858.774 ,6936.492 ,7036.575 ,7167.601 ,7315.173 ,7455.915 ,7594.023 ,7704.844 ,7773.557 ,7809.375 ,7841.552 ,7870.496 ,7862.924 ,7807.207 ,7719.789 ,7632.333 ,7542.816 ,7458.959 ,7389.229 ,7333.964 ,7283.481 ,7237.845 ,7228.020 ,7267.897 ,7345.614 ,7443.712 ,7575.628 ,7695.707 ,7782.689 ,7864.564 ,7935.208 ,7929.407 ,8163.881 ,8774.230 ,9577.776 ,10313.040 ,11100.482 ,11387.541 ,10894.514 ,9902.540 ,8966.015 ,7966.317 ,7164.353 ,6743.437 ,6570.606 ,6311.797 ,6012.479 ,5786.125 ,5648.951 ,5560.502 ,5477.329 ,5423.988 ,5238.982 ,4842.506 ,4309.799 ,3752.485 ,3339.636 ,2969.150 ,2429.686 ,1721.243 ,1252.195 ,1081.513 ,889.668 ,676.658 ,442.484 ,974.441 
5678.573 ,5714.326 ,5750.447 ,5789.225 ,5830.230 ,5873.030 ,5917.201 ,5962.321 ,6007.920 ,6053.552 ,6098.808 ,6143.205 ,6186.215 ,6227.897 ,6268.025 ,6305.881 ,6342.124 ,6378.004 ,6404.734 ,6418.445 ,6423.635 ,6428.865 ,6432.659 ,6439.267 ,6451.749 ,6468.392 ,6486.206 ,6507.926 ,6526.785 ,6539.810 ,6551.952 ,6570.513 ,6593.296 ,6632.473 ,6694.612 ,6774.311 ,6854.387 ,6932.025 ,7031.977 ,7162.818 ,7310.151 ,7450.601 ,7588.357 ,7698.782 ,7767.059 ,7802.392 ,7833.999 ,7862.268 ,7854.005 ,7797.613 ,7709.479 ,7621.121 ,7530.476 ,7445.438 ,7374.520 ,7317.935 ,7265.722 ,7217.875 ,7205.578 ,7242.759 ,7317.359 ,7411.327 ,7537.801 ,7652.294 ,7733.933 ,7809.867 ,7873.845 ,7861.993 ,8083.696 ,8671.317 ,9446.162 ,10153.165 ,10910.517 ,11174.891 ,10671.510 ,9676.864 ,8735.856 ,7731.870 ,6922.366 ,6488.017 ,6297.768 ,6023.872 ,5712.656 ,5468.383 ,5304.001 ,5184.180 ,5075.087 ,5011.685 ,4809.839 ,4405.698 ,3859.461 ,3330.757 ,2968.606 ,2627.874 ,2139.462 ,1503.370 ,1167.092 ,964.962 ,734.432 ,475.501 ,1025.730 
5643.424 ,5675.209 ,5712.389 ,5749.280 ,5788.630 ,5830.022 ,5873.037 ,5917.273 ,5962.325 ,6007.698 ,6052.943 ,6097.688 ,6141.516 ,6183.917 ,6224.927 ,6264.324 ,6301.433 ,6336.937 ,6372.064 ,6398.258 ,6411.764 ,6416.980 ,6422.246 ,6426.119 ,6432.852 ,6445.484 ,6462.300 ,6480.325 ,6502.281 ,6521.378 ,6534.632 ,6546.988 ,6565.754 ,6588.730 ,6628.043 ,6690.241 ,6769.932 ,6849.968 ,6927.527 ,7027.348 ,7158.003 ,7305.096 ,7445.252 ,7582.657 ,7692.686 ,7760.526 ,7795.374 ,7826.410 ,7854.004 ,7845.050 ,7787.984 ,7699.133 ,7609.873 ,7518.100 ,7431.880 ,7359.775 ,7301.870 ,7247.926 ,7197.869 ,7183.098 ,7217.583 ,7289.064 ,7378.901 ,7499.930 ,7608.836 ,7685.130 ,7755.122 ,7812.431 ,7794.526 ,8003.455 ,8568.337 ,9314.471 ,9993.201 ,10720.452 ,10962.134 ,10448.399 ,9451.083 ,8505.595 ,7497.326 ,6680.282 ,6232.497 ,6024.827 ,5735.842 ,5412.726 ,5150.529 ,4958.933 ,4807.732 ,4672.712 ,4599.246 ,4380.557 ,3968.750 ,3408.981 ,2908.897 ,2597.462 ,2286.492 ,1849.149 ,1285.430 ,1046.358 ,798.128 ,512.803 ,1087.126 
5610.562 ,5639.820 ,5672.436 ,5710.250 ,5747.909 ,5787.830 ,5829.608 ,5872.838 ,5917.135 ,5962.117 ,6007.263 ,6052.120 ,6096.352 ,6139.608 ,6181.400 ,6221.737 ,6260.401 ,6296.761 ,6331.525 ,6365.897 ,6391.554 ,6404.855 ,6410.097 ,6415.399 ,6419.349 ,6426.209 ,6438.989 ,6455.978 ,6474.213 ,6496.404 ,6515.738 ,6529.222 ,6541.791 ,6560.761 ,6583.929 ,6623.378 ,6685.632 ,6765.313 ,6845.306 ,6922.783 ,7022.469 ,7152.934 ,7299.782 ,7439.639 ,7576.687 ,7686.315 ,7753.717 ,7788.079 ,7818.543 ,7845.460 ,7835.816 ,7778.076 ,7688.513 ,7598.353 ,7505.456 ,7418.057 ,7344.766 ,7285.543 ,7229.870 ,7177.603 ,7160.359 ,7192.146 ,7260.505 ,7346.206 ,7461.786 ,7565.098 ,7636.044 ,7700.090 ,7750.726 ,7726.767 ,7922.911 ,8465.030 ,9182.420 ,9832.846 ,10529.964 ,10748.939 ,10224.865 ,9224.914 ,8274.979 ,7262.461 ,6437.904 ,5976.697 ,5751.609 ,5447.540 ,5112.533 ,4832.417 ,4613.607 ,4431.024 ,4270.075 ,4186.546 ,3951.018 ,3531.559 ,2958.274 ,2486.834 ,2226.137 ,1944.949 ,1558.701 ,1067.393 ,863.540 ,552.744 ,1159.335 
5579.194 ,5605.812 ,5636.046 ,5669.505 ,5707.329 ,5745.751 ,5786.238 ,5828.396 ,5871.834 ,5916.186 ,5961.093 ,6006.005 ,6050.468 ,6094.181 ,6136.860 ,6178.037 ,6217.694 ,6255.620 ,6291.227 ,6325.245 ,6358.858 ,6383.975 ,6397.068 ,6402.336 ,6407.673 ,6411.701 ,6418.685 ,6431.613 ,6448.772 ,6467.214 ,6489.637 ,6509.207 ,6522.917 ,6535.698 ,6554.870 ,6578.227 ,6617.805 ,6680.107 ,6759.767 ,6839.707 ,6917.090 ,7016.629 ,7146.885 ,7293.468 ,7433.008 ,7569.680 ,7678.892 ,7745.846 ,7779.717 ,7809.604 ,7835.842 ,7825.508 ,7767.103 ,7676.839 ,7585.792 ,7491.783 ,7403.217 ,7328.750 ,7268.218 ,7210.823 ,7156.354 ,7136.639 ,7165.723 ,7230.949 ,7312.504 ,7422.617 ,7520.322 ,7585.909 ,7643.999 ,7687.956 ,7657.946 ,7841.278 ,8360.558 ,9049.102 ,9671.134 ,10338.021 ,10534.258 ,9999.917 ,8997.468 ,8043.215 ,7026.586 ,6194.629 ,5720.062 ,5477.586 ,5158.474 ,4811.620 ,4513.624 ,4267.627 ,4053.685 ,3866.829 ,3773.246 ,3520.910 ,3093.855 ,2507.133 ,2064.403 ,1854.483 ,1603.117 ,1268.021 ,849.196 ,592.832 ,1242.473 
5548.131 ,5572.259 ,5600.157 ,5631.444 ,5665.741 ,5702.666 ,5741.839 ,5782.878 ,5825.404 ,5869.036 ,5913.431 ,5958.248 ,6002.913 ,6046.968 ,6090.149 ,6132.238 ,6172.787 ,6211.754 ,6248.930 ,6283.773 ,6317.035 ,6349.879 ,6374.449 ,6387.330 ,6392.621 ,6397.992 ,6402.096 ,6409.203 ,6422.274 ,6439.598 ,6458.242 ,6480.890 ,6500.689 ,6514.622 ,6527.610 ,6546.978 ,6570.517 ,6610.213 ,6672.544 ,6752.158 ,6832.020 ,6909.287 ,7008.646 ,7138.655 ,7284.928 ,7424.108 ,7560.362 ,7669.126 ,7735.612 ,7768.981 ,7798.283 ,7823.833 ,7812.813 ,7753.761 ,7662.824 ,7570.918 ,7475.826 ,7386.121 ,7310.502 ,7248.678 ,7189.580 ,7132.926 ,7110.747 ,7137.121 ,7199.196 ,7276.580 ,7381.196 ,7473.265 ,7533.475 ,7585.595 ,7622.861 ,7586.811 ,7757.280 ,8253.571 ,8913.071 ,9506.529 ,10142.993 ,10316.440 ,9771.999 ,8767.359 ,7809.081 ,6788.654 ,5949.554 ,5461.776 ,5201.992 ,4867.941 ,4509.352 ,4193.572 ,3920.474 ,3675.251 ,3462.553 ,3358.950 ,3089.889 ,2655.372 ,2055.397 ,1641.502 ,1482.404 ,1260.925 ,977.064 ,630.822 ,1335.726 
5522.553 ,5546.450 ,5571.706 ,5600.401 ,5632.190 ,5666.727 ,5703.651 ,5742.603 ,5783.309 ,5825.453 ,5868.645 ,5912.499 ,5956.712 ,6000.713 ,6044.050 ,6086.499 ,6127.864 ,6167.676 ,6206.120 ,6243.100 ,6277.973 ,6311.278 ,6344.206 ,6368.908 ,6381.946 ,6387.417 ,6393.007 ,6397.359 ,6404.714 ,6418.022 ,6435.566 ,6454.427 ,6477.282 ,6497.239 ,6511.260 ,6524.279 ,6543.645 ,6567.141 ,6606.762 ,6668.991 ,6748.465 ,6828.128 ,6905.136 ,7004.172 ,7133.788 ,7279.597 ,7418.231 ,7553.851 ,7661.913 ,7727.639 ,7760.166 ,7788.483 ,7812.875 ,7800.646 ,7740.374 ,7648.121 ,7554.589 ,7457.498 ,7365.677 ,7287.897 ,7223.672 ,7161.545 ,7101.162 ,7074.694 ,7096.197 ,7152.630 ,7222.970 ,7318.715 ,7401.677 ,7453.092 ,7495.599 ,7522.542 ,7477.577 ,7629.206 ,8091.787 ,8708.978 ,9261.803 ,9856.132 ,9999.088 ,9443.028 ,8439.261 ,7480.854 ,6462.129 ,5623.105 ,5130.746 ,4863.929 ,4524.015 ,4172.041 ,3859.424 ,3576.851 ,3312.470 ,3100.184 ,2992.769 ,2739.813 ,2341.317 ,1797.281 ,1524.337 ,1306.287 ,1020.484 ,666.929 ,1440.898 
5498.991 ,5518.474 ,5544.786 ,5571.171 ,5600.664 ,5632.954 ,5667.732 ,5704.656 ,5743.387 ,5783.759 ,5825.521 ,5868.274 ,5911.584 ,5955.195 ,5998.532 ,6041.150 ,6082.867 ,6123.508 ,6162.582 ,6200.504 ,6237.287 ,6272.191 ,6305.537 ,6338.550 ,6363.385 ,6376.579 ,6382.232 ,6388.041 ,6392.639 ,6400.243 ,6413.787 ,6431.554 ,6450.630 ,6473.693 ,6493.809 ,6507.918 ,6520.966 ,6540.332 ,6563.784 ,6603.330 ,6665.457 ,6744.792 ,6824.256 ,6901.004 ,6999.718 ,7128.942 ,7274.286 ,7412.376 ,7547.361 ,7654.722 ,7719.686 ,7751.371 ,7778.703 ,7801.936 ,7788.497 ,7727.004 ,7633.434 ,7538.275 ,7439.184 ,7345.246 ,7265.303 ,7198.677 ,7133.517 ,7069.405 ,7038.645 ,7055.276 ,7106.064 ,7169.355 ,7256.225 ,7330.076 ,7372.690 ,7405.580 ,7422.194 ,7368.311 ,7501.090 ,7929.946 ,8504.808 ,9016.981 ,9569.154 ,9681.604 ,9113.916 ,8111.019 ,7152.481 ,6135.455 ,5296.505 ,4799.560 ,4525.706 ,4179.925 ,3834.568 ,3525.116 ,3233.060 ,2949.510 ,2737.638 ,2626.407 ,2389.564 ,2027.107 ,1539.038 ,1337.853 ,1054.911 ,700.492 ,1555.358 
5475.755 ,5493.317 ,5514.659 ,5542.399 ,5569.910 ,5600.198 ,5632.986 ,5667.999 ,5704.918 ,5743.423 ,5783.457 ,5824.831 ,5867.138 ,5909.900 ,5952.902 ,5995.569 ,6037.462 ,6078.441 ,6118.353 ,6156.685 ,6194.079 ,6230.659 ,6265.590 ,6298.974 ,6332.068 ,6357.031 ,6370.381 ,6376.213 ,6382.242 ,6387.086 ,6394.937 ,6408.717 ,6426.702 ,6445.993 ,6469.260 ,6489.532 ,6503.727 ,6516.804 ,6536.166 ,6559.572 ,6599.037 ,6661.054 ,6740.240 ,6819.494 ,6895.973 ,6994.351 ,7123.166 ,7268.026 ,7405.553 ,7539.886 ,7646.531 ,7710.725 ,7741.564 ,7767.907 ,7789.978 ,7775.330 ,7712.624 ,7617.749 ,7520.975 ,7419.895 ,7323.851 ,7241.756 ,7172.734 ,7104.551 ,7036.715 ,7001.666 ,7013.420 ,7058.554 ,7114.786 ,7192.767 ,7257.492 ,7291.298 ,7314.561 ,7320.841 ,7258.042 ,7371.948 ,7767.009 ,8299.450 ,8770.888 ,9280.817 ,9362.734 ,8783.488 ,7781.593 ,6823.047 ,5807.854 ,4969.088 ,4467.619 ,4186.761 ,3835.155 ,3496.464 ,3190.217 ,2888.713 ,2586.025 ,2374.592 ,2259.559 ,2038.865 ,1712.510 ,1280.492 ,1078.125 ,729.252 ,1672.555 
5450.850 ,5467.209 ,5487.117 ,5510.313 ,5538.544 ,5567.174 ,5598.247 ,5631.525 ,5666.765 ,5703.669 ,5741.937 ,5781.622 ,5822.596 ,5864.447 ,5906.650 ,5949.031 ,5991.017 ,6032.174 ,6072.405 ,6111.576 ,6149.155 ,6186.012 ,6222.381 ,6257.329 ,6290.742 ,6323.907 ,6348.993 ,6362.494 ,6368.505 ,6374.751 ,6379.840 ,6387.937 ,6401.947 ,6420.147 ,6439.647 ,6463.113 ,6483.534 ,6497.813 ,6510.915 ,6530.268 ,6553.621 ,6592.995 ,6654.886 ,6733.901 ,6812.925 ,6889.114 ,6987.130 ,7115.501 ,7259.840 ,7396.768 ,7530.412 ,7636.314 ,7699.721 ,7729.706 ,7755.051 ,7775.954 ,7760.102 ,7696.199 ,7600.045 ,7501.680 ,7398.639 ,7300.515 ,7216.288 ,7144.891 ,7073.701 ,7002.160 ,6962.831 ,6969.705 ,7009.173 ,7058.332 ,7127.402 ,7182.985 ,7207.973 ,7221.605 ,7217.548 ,7145.851 ,7240.852 ,7602.014 ,8091.893 ,8522.471 ,8990.021 ,9041.384 ,8450.733 ,7450.104 ,6491.805 ,5478.714 ,4640.354 ,4134.495 ,3846.706 ,3489.369 ,3157.433 ,2854.473 ,2543.601 ,2221.854 ,2010.918 ,1892.114 ,1687.627 ,1397.459 ,1021.608 ,750.508 ,1783.817 
5422.737 ,5438.835 ,5458.072 ,5480.242 ,5505.140 ,5532.560 ,5562.296 ,5594.144 ,5627.897 ,5663.350 ,5700.225 ,5738.243 ,5777.563 ,5818.123 ,5859.501 ,5901.129 ,5942.873 ,5984.162 ,6024.568 ,6064.036 ,6102.452 ,6139.264 ,6175.569 ,6211.713 ,6246.665 ,6280.094 ,6313.317 ,6338.516 ,6352.164 ,6358.351 ,6364.811 ,6370.143 ,6378.483 ,6392.719 ,6411.126 ,6430.827 ,6454.483 ,6475.046 ,6489.402 ,6502.524 ,6521.861 ,6545.152 ,6584.420 ,6646.161 ,6724.975 ,6803.738 ,6879.609 ,6977.225 ,7105.104 ,7248.865 ,7385.142 ,7518.047 ,7623.164 ,7685.761 ,7714.880 ,7739.220 ,7758.948 ,7741.898 ,7676.824 ,7579.427 ,7479.512 ,7374.550 ,7274.384 ,7188.061 ,7114.316 ,7040.150 ,6964.933 ,6921.342 ,6923.337 ,6957.127 ,6999.198 ,7059.337 ,7105.763 ,7121.929 ,7125.929 ,7111.544 ,7030.982 ,7107.055 ,7434.201 ,7881.357 ,8270.937 ,8695.956 ,8716.763 ,8114.943 ,7115.965 ,6158.281 ,5147.681 ,4310.048 ,3799.996 ,3505.393 ,3142.466 ,2817.409 ,2517.850 ,2197.735 ,1857.066 ,1646.706 ,1524.179 ,1335.969 ,1082.075 ,762.499 ,1882.384 
5398.452 ,5421.601 ,5439.403 ,5459.798 ,5482.649 ,5507.824 ,5535.137 ,5564.402 ,5595.739 ,5629.115 ,5664.243 ,5700.619 ,5738.041 ,5776.708 ,5816.565 ,5857.229 ,5898.150 ,5939.177 ,5979.962 ,6020.188 ,6059.703 ,6098.179 ,6135.093 ,6171.547 ,6207.863 ,6243.011 ,6276.675 ,6310.161 ,6335.623 ,6349.518 ,6355.936 ,6362.625 ,6368.179 ,6376.690 ,6391.025 ,6409.474 ,6429.191 ,6452.825 ,6473.342 ,6487.634 ,6500.663 ,6519.850 ,6542.930 ,6581.952 ,6643.423 ,6721.920 ,6800.280 ,6875.654 ,6972.691 ,7099.905 ,7242.895 ,7378.266 ,7510.115 ,7614.043 ,7675.318 ,7702.954 ,7725.568 ,7743.280 ,7724.088 ,7656.799 ,7556.990 ,7454.183 ,7345.779 ,7241.875 ,7151.574 ,7073.396 ,6993.922 ,6912.434 ,6861.744 ,6855.783 ,6880.538 ,6911.857 ,6959.120 ,6991.946 ,6994.246 ,6983.066 ,6953.480 ,6860.802 ,6911.445 ,7192.899 ,7583.407 ,7919.885 ,8290.346 ,8277.468 ,7674.747 ,6696.793 ,5735.623 ,4743.087 ,3990.412 ,3493.512 ,3162.637 ,2816.463 ,2518.810 ,2240.592 ,1944.949 ,1631.881 ,1486.600 ,1302.401 ,1062.085 ,765.651 ,1970.032 
5372.029 ,5390.872 ,5419.802 ,5439.309 ,5460.859 ,5484.391 ,5509.840 ,5537.041 ,5565.832 ,5596.654 ,5629.648 ,5664.446 ,5700.318 ,5737.140 ,5775.148 ,5814.296 ,5854.240 ,5894.451 ,5934.753 ,5975.029 ,6015.071 ,6054.629 ,6093.159 ,6130.170 ,6166.769 ,6203.253 ,6238.593 ,6272.488 ,6306.233 ,6331.955 ,6346.097 ,6352.745 ,6359.661 ,6365.437 ,6374.118 ,6388.551 ,6407.040 ,6426.769 ,6450.380 ,6470.848 ,6485.073 ,6498.007 ,6517.042 ,6539.908 ,6578.680 ,6639.873 ,6718.044 ,6795.991 ,6870.859 ,6967.304 ,7093.835 ,7236.038 ,7370.485 ,7501.261 ,7603.986 ,7663.930 ,7690.078 ,7710.962 ,7726.655 ,7705.322 ,7635.823 ,7533.612 ,7427.925 ,7316.089 ,7208.456 ,7114.184 ,7031.578 ,6946.802 ,6859.047 ,6801.259 ,6787.336 ,6803.045 ,6823.599 ,6857.968 ,6877.178 ,6865.602 ,6839.229 ,6794.432 ,6689.639 ,6714.824 ,6950.513 ,7284.276 ,7567.564 ,7883.375 ,7836.784 ,7233.236 ,6276.444 ,5311.900 ,4337.566 ,3670.013 ,3186.337 ,2819.199 ,2489.835 ,2219.646 ,1962.822 ,1691.708 ,1406.303 ,1254.434 ,1029.021 ,760.324 ,2045.218 
5343.187 ,5364.387 ,5386.451 ,5416.351 ,5437.556 ,5460.257 ,5484.461 ,5510.176 ,5537.258 ,5565.565 ,5595.863 ,5628.464 ,5662.922 ,5698.279 ,5734.489 ,5771.827 ,5810.253 ,5849.466 ,5888.952 ,5928.518 ,5968.272 ,6008.118 ,6047.706 ,6086.278 ,6123.376 ,6160.108 ,6196.750 ,6232.271 ,6266.387 ,6300.381 ,6326.354 ,6340.738 ,6347.615 ,6354.757 ,6360.752 ,6369.601 ,6384.128 ,6402.650 ,6422.387 ,6445.967 ,6466.380 ,6480.534 ,6493.369 ,6512.247 ,6534.890 ,6573.401 ,6634.297 ,6712.118 ,6789.627 ,6863.966 ,6959.790 ,7085.600 ,7226.971 ,7360.454 ,7490.115 ,7591.606 ,7650.201 ,7674.852 ,7693.998 ,7707.667 ,7684.198 ,7612.510 ,7507.927 ,7399.389 ,7284.154 ,7172.824 ,7074.609 ,6987.598 ,6897.543 ,6803.545 ,6738.674 ,6716.789 ,6723.443 ,6733.221 ,6754.681 ,6760.264 ,6734.807 ,6693.243 ,6633.243 ,6516.362 ,6516.071 ,6705.902 ,6982.793 ,7212.783 ,7473.824 ,7393.519 ,6789.326 ,5853.997 ,4886.373 ,3930.545 ,3348.355 ,2878.056 ,2474.751 ,2162.305 ,1919.674 ,1684.332 ,1437.840 ,1180.197 ,989.827 ,749.328 ,2104.491 
5312.667 ,5336.031 ,5359.526 ,5383.266 ,5410.886 ,5433.782 ,5457.624 ,5482.491 ,5508.463 ,5535.416 ,5563.228 ,5592.990 ,5625.188 ,5659.293 ,5694.121 ,5729.707 ,5766.360 ,5804.051 ,5842.517 ,5881.265 ,5920.080 ,5959.298 ,5998.931 ,6038.536 ,6077.137 ,6114.306 ,6151.158 ,6187.944 ,6223.633 ,6257.957 ,6292.187 ,6318.402 ,6333.023 ,6340.126 ,6347.490 ,6353.704 ,6362.717 ,6377.332 ,6395.881 ,6415.618 ,6439.158 ,6459.508 ,6473.587 ,6486.318 ,6505.030 ,6527.444 ,6565.678 ,6626.255 ,6703.697 ,6780.740 ,6854.523 ,6949.690 ,7074.733 ,7215.219 ,7347.687 ,7476.187 ,7576.406 ,7633.630 ,7656.775 ,7674.178 ,7685.817 ,7660.221 ,7586.372 ,7479.456 ,7368.109 ,7249.518 ,7134.533 ,7032.412 ,6941.030 ,6845.731 ,6745.527 ,6673.597 ,6643.761 ,6641.360 ,6640.362 ,6648.907 ,6640.864 ,6601.540 ,6544.804 ,6469.625 ,6340.702 ,6314.941 ,6458.855 ,6678.786 ,6855.404 ,7061.591 ,6947.610 ,6342.999 ,5429.475 ,4459.131 ,3522.160 ,3025.530 ,2568.779 ,2129.466 ,1834.050 ,1619.061 ,1405.283 ,1183.498 ,953.707 ,736.974 ,2144.519 
5281.511 ,5306.361 ,5330.856 ,5355.146 ,5379.381 ,5403.713 ,5428.290 ,5453.265 ,5478.787 ,5505.008 ,5531.824 ,5559.132 ,5588.350 ,5620.134 ,5653.875 ,5688.165 ,5723.115 ,5759.073 ,5796.017 ,5833.725 ,5871.723 ,5909.776 ,5948.445 ,5987.854 ,6027.463 ,6066.079 ,6103.310 ,6140.270 ,6177.187 ,6213.033 ,6247.554 ,6282.008 ,6308.458 ,6323.310 ,6330.637 ,6338.221 ,6344.650 ,6353.825 ,6368.523 ,6387.093 ,6406.823 ,6430.316 ,6450.598 ,6464.596 ,6477.220 ,6495.761 ,6517.938 ,6555.884 ,6616.123 ,6693.161 ,6769.715 ,6842.918 ,6937.399 ,7061.635 ,7201.193 ,7332.606 ,7459.904 ,7558.822 ,7614.658 ,7636.291 ,7651.946 ,7661.554 ,7633.842 ,7557.856 ,7448.643 ,7334.526 ,7212.620 ,7094.019 ,6988.029 ,6892.308 ,6791.800 ,6685.427 ,6606.469 ,6568.698 ,6557.250 ,6545.486 ,6541.127 ,6519.472 ,6466.306 ,6394.430 ,6304.112 ,6163.199 ,6111.999 ,6209.994 ,6372.946 ,6496.187 ,6647.505 ,6499.916 ,5895.077 ,5003.628 ,4030.874 ,3113.040 ,2702.047 ,2258.976 ,1783.828 ,1505.519 ,1318.214 ,1126.047 ,929.018 ,727.125 ,2164.175 
5257.331 ,5282.265 ,5307.184 ,5331.812 ,5356.270 ,5380.677 ,5405.204 ,5430.023 ,5454.995 ,5480.137 ,5505.723 ,5531.935 ,5558.646 ,5587.209 ,5618.288 ,5651.315 ,5684.900 ,5719.133 ,5754.589 ,5791.355 ,5829.111 ,5867.170 ,5905.327 ,5944.151 ,5983.742 ,6023.558 ,6062.422 ,6099.928 ,6137.163 ,6174.338 ,6210.424 ,6245.183 ,6279.870 ,6306.502 ,6321.466 ,6328.848 ,6336.463 ,6342.892 ,6352.037 ,6366.680 ,6385.165 ,6404.762 ,6428.066 ,6448.136 ,6461.912 ,6474.280 ,6492.483 ,6514.227 ,6551.696 ,6611.424 ,6687.879 ,6763.706 ,6836.026 ,6929.477 ,7052.527 ,7190.711 ,7320.521 ,7445.963 ,7542.774 ,7596.239 ,7615.201 ,7627.813 ,7633.954 ,7602.473 ,7522.449 ,7408.817 ,7289.612 ,7161.837 ,7036.996 ,6924.515 ,6821.736 ,6713.106 ,6597.570 ,6507.952 ,6457.720 ,6432.112 ,6404.888 ,6383.684 ,6343.367 ,6269.541 ,6175.122 ,6063.629 ,5905.807 ,5827.104 ,5881.080 ,5992.376 ,6070.518 ,6204.761 ,6029.872 ,5419.119 ,4509.076 ,3584.107 ,2799.333 ,2419.454 ,2013.140 ,1580.393 ,1316.959 ,1114.599 ,915.848 ,720.707 ,2165.344 
5232.820 ,5258.159 ,5281.815 ,5306.795 ,5331.551 ,5356.172 ,5380.745 ,5405.463 ,5430.518 ,5455.482 ,5480.237 ,5505.182 ,5530.784 ,5556.891 ,5584.792 ,5615.160 ,5647.465 ,5680.336 ,5713.844 ,5748.790 ,5785.368 ,5823.165 ,5861.276 ,5899.528 ,5938.497 ,5978.261 ,6018.276 ,6057.378 ,6095.152 ,6132.654 ,6170.078 ,6206.396 ,6241.385 ,6276.297 ,6303.106 ,6318.179 ,6325.613 ,6333.259 ,6339.685 ,6348.799 ,6363.384 ,6381.779 ,6401.238 ,6424.348 ,6444.202 ,6457.752 ,6469.861 ,6487.722 ,6509.028 ,6546.010 ,6605.213 ,6681.068 ,6756.150 ,6827.570 ,6919.969 ,7041.803 ,7178.582 ,7306.758 ,7430.314 ,7524.994 ,7576.073 ,7592.360 ,7601.923 ,7604.593 ,7569.349 ,7485.303 ,7367.275 ,7243.005 ,7109.386 ,6978.330 ,6859.380 ,6749.561 ,6632.827 ,6508.149 ,6407.884 ,6345.196 ,6305.424 ,6262.734 ,6224.680 ,6165.697 ,6071.214 ,5954.259 ,5821.602 ,5646.895 ,5540.689 ,5550.606 ,5610.185 ,5643.180 ,5760.306 ,5558.138 ,4941.607 ,4013.166 ,3136.224 ,2484.779 ,2136.121 ,1766.682 ,1376.462 ,1118.535 ,912.993 ,717.103 ,2148.581 
5207.030 ,5231.911 ,5256.553 ,5280.101 ,5305.137 ,5330.015 ,5354.792 ,5379.526 ,5404.429 ,5429.713 ,5454.663 ,5479.026 ,5503.324 ,5528.310 ,5553.806 ,5581.039 ,5610.687 ,5642.262 ,5674.412 ,5707.187 ,5741.613 ,5777.996 ,5815.824 ,5853.978 ,5892.316 ,5931.421 ,5971.349 ,6011.553 ,6050.885 ,6088.917 ,6126.676 ,6164.341 ,6200.882 ,6236.093 ,6271.222 ,6298.201 ,6313.378 ,6320.864 ,6328.538 ,6334.961 ,6344.040 ,6358.564 ,6376.866 ,6396.181 ,6419.092 ,6438.726 ,6452.045 ,6463.893 ,6481.407 ,6502.270 ,6538.756 ,6597.420 ,6672.657 ,6746.976 ,6817.478 ,6908.804 ,7029.392 ,7164.732 ,7291.243 ,7412.883 ,7505.410 ,7554.092 ,7567.698 ,7574.210 ,7573.408 ,7534.408 ,7446.359 ,7323.961 ,7194.656 ,7055.224 ,6917.983 ,6792.590 ,6675.757 ,6550.945 ,6417.153 ,6306.264 ,6231.131 ,6177.201 ,6119.054 ,6064.155 ,5986.516 ,5871.395 ,5731.928 ,5578.134 ,5386.581 ,5252.892 ,5218.739 ,5226.576 ,5214.407 ,5314.385 ,5084.981 ,4462.819 ,3516.197 ,2687.503 ,2169.568 ,1852.220 ,1519.751 ,1172.161 ,926.475 ,720.291 ,2123.017 
5178.882 ,5203.579 ,5228.228 ,5252.855 ,5277.305 ,5302.392 ,5327.386 ,5352.315 ,5377.204 ,5402.287 ,5427.796 ,5452.726 ,5476.692 ,5500.338 ,5524.702 ,5549.583 ,5576.142 ,5605.065 ,5635.904 ,5667.326 ,5699.361 ,5733.261 ,5769.440 ,5807.292 ,5845.481 ,5883.898 ,5923.131 ,5963.214 ,6003.599 ,6043.152 ,6081.435 ,6119.444 ,6157.342 ,6194.098 ,6229.523 ,6264.862 ,6292.006 ,6307.285 ,6314.821 ,6322.520 ,6328.938 ,6337.982 ,6352.442 ,6370.645 ,6389.814 ,6412.521 ,6431.930 ,6445.017 ,6456.601 ,6473.765 ,6494.180 ,6530.163 ,6588.276 ,6662.879 ,6736.420 ,6805.991 ,6896.224 ,7015.543 ,7149.417 ,7274.237 ,7393.937 ,7484.292 ,7530.566 ,7541.489 ,7544.950 ,7540.676 ,7497.929 ,7405.896 ,7279.156 ,7144.843 ,6999.629 ,6856.231 ,6724.424 ,6600.602 ,6467.740 ,6324.863 ,6203.375 ,6115.816 ,6047.743 ,5974.154 ,5902.426 ,5806.152 ,5670.421 ,5508.475 ,5333.583 ,5125.226 ,4964.089 ,4885.882 ,4841.989 ,4784.671 ,4867.484 ,4610.898 ,3983.232 ,3018.629 ,2238.340 ,1853.990 ,1568.010 ,1272.570 ,967.671 ,734.797 ,2101.084 
5147.582 ,5172.779 ,5197.972 ,5223.157 ,5248.329 ,5273.483 ,5298.616 ,5323.723 ,5348.798 ,5373.838 ,5399.095 ,5424.823 ,5449.729 ,5473.293 ,5496.284 ,5520.022 ,5544.283 ,5570.163 ,5598.355 ,5628.452 ,5659.142 ,5690.431 ,5723.799 ,5759.768 ,5797.635 ,5835.852 ,5874.340 ,5913.693 ,5953.923 ,5994.482 ,6034.248 ,6072.774 ,6111.025 ,6149.148 ,6186.113 ,6221.746 ,6257.287 ,6284.591 ,6299.968 ,6307.552 ,6315.276 ,6321.688 ,6330.695 ,6345.087 ,6363.190 ,6382.208 ,6404.706 ,6423.887 ,6436.740 ,6448.058 ,6464.868 ,6484.832 ,6520.305 ,6577.856 ,6651.811 ,6724.561 ,6793.186 ,6882.311 ,7000.338 ,7132.720 ,7255.826 ,7373.564 ,7461.732 ,7505.590 ,7513.830 ,7514.240 ,7506.499 ,7460.016 ,7364.019 ,7232.963 ,7093.673 ,6942.707 ,6793.185 ,6654.993 ,6524.211 ,6383.330 ,6231.402 ,6099.346 ,5999.386 ,5917.192 ,5828.185 ,5739.652 ,5624.774 ,5468.473 ,5284.095 ,5088.151 ,4863.043 ,4674.505 ,4552.290 ,4456.708 ,4354.280 ,4419.923 ,4136.223 ,3503.180 ,2520.794 ,1789.032 ,1538.254 ,1283.677 ,1025.300 ,763.123 ,2092.565 
5115.680 ,5144.897 ,5170.783 ,5196.491 ,5222.027 ,5247.395 ,5272.610 ,5297.690 ,5322.580 ,5347.261 ,5371.773 ,5396.454 ,5421.572 ,5445.811 ,5468.658 ,5490.924 ,5513.945 ,5537.478 ,5562.845 ,5590.847 ,5620.982 ,5651.722 ,5683.106 ,5716.616 ,5752.754 ,5790.816 ,5829.269 ,5868.020 ,5907.637 ,5948.115 ,5988.906 ,6028.903 ,6067.657 ,6106.085 ,6144.312 ,6181.323 ,6216.982 ,6252.519 ,6279.794 ,6295.126 ,6302.640 ,6310.251 ,6316.504 ,6325.323 ,6339.504 ,6357.360 ,6376.063 ,6398.166 ,6416.922 ,6429.338 ,6440.170 ,6456.354 ,6475.529 ,6510.138 ,6566.770 ,6639.679 ,6711.133 ,6778.199 ,6865.468 ,6981.301 ,7111.127 ,7231.321 ,7345.781 ,7430.156 ,7469.634 ,7472.940 ,7467.900 ,7454.100 ,7401.233 ,7298.648 ,7160.596 ,7013.491 ,6853.859 ,6694.930 ,6546.564 ,6404.697 ,6252.034 ,6087.980 ,5941.242 ,5823.094 ,5720.391 ,5610.936 ,5501.827 ,5366.606 ,5190.708 ,4987.538 ,4772.841 ,4542.704 ,4345.760 ,4191.699 ,4048.772 ,3933.644 ,3969.492 ,3696.937 ,3115.979 ,2226.618 ,1672.653 ,1409.465 ,1121.477 ,808.689 ,2097.973 
5081.847 ,5110.364 ,5142.325 ,5168.899 ,5195.123 ,5221.010 ,5246.575 ,5271.852 ,5296.879 ,5321.553 ,5345.841 ,5369.825 ,5393.930 ,5418.438 ,5442.011 ,5464.143 ,5485.683 ,5507.988 ,5530.794 ,5555.648 ,5583.461 ,5613.635 ,5644.426 ,5675.904 ,5709.558 ,5745.866 ,5784.124 ,5822.812 ,5861.828 ,5901.709 ,5942.437 ,5983.461 ,6023.690 ,6062.673 ,6101.278 ,6139.610 ,6176.668 ,6212.353 ,6247.886 ,6275.134 ,6290.421 ,6297.865 ,6305.363 ,6311.457 ,6320.088 ,6334.059 ,6351.669 ,6370.058 ,6391.765 ,6410.097 ,6422.077 ,6432.422 ,6447.980 ,6466.368 ,6500.113 ,6555.827 ,6627.693 ,6697.852 ,6763.360 ,6848.775 ,6962.417 ,7089.689 ,7206.976 ,7318.159 ,7398.745 ,7433.844 ,7432.215 ,7421.727 ,7401.868 ,7342.618 ,7233.441 ,7088.391 ,6933.470 ,6765.169 ,6596.830 ,6438.287 ,6285.334 ,6120.885 ,5944.704 ,5783.283 ,5646.945 ,5523.734 ,5393.829 ,5264.145 ,5108.579 ,4913.083 ,4691.117 ,4457.666 ,4222.494 ,4017.141 ,3831.234 ,3640.963 ,3513.133 ,3519.191 ,3257.774 ,2728.883 ,1932.518 ,1570.553 ,1248.418 ,869.723 ,2116.109 
5047.732 ,5078.443 ,5108.355 ,5140.759 ,5168.027 ,5194.772 ,5221.017 ,5246.782 ,5272.126 ,5297.106 ,5321.569 ,5345.467 ,5368.929 ,5392.462 ,5416.365 ,5439.276 ,5460.697 ,5481.516 ,5503.110 ,5525.192 ,5549.538 ,5577.168 ,5607.386 ,5638.234 ,5669.813 ,5703.618 ,5740.103 ,5778.564 ,5817.495 ,5856.783 ,5896.937 ,5937.922 ,5979.187 ,6019.655 ,6058.875 ,6097.666 ,6136.109 ,6173.222 ,6208.940 ,6244.477 ,6271.703 ,6286.948 ,6294.324 ,6301.710 ,6307.645 ,6316.091 ,6329.854 ,6347.221 ,6365.299 ,6386.615 ,6404.526 ,6416.072 ,6425.933 ,6440.869 ,6458.471 ,6491.360 ,6546.167 ,6617.003 ,6685.881 ,6749.844 ,6833.422 ,6944.895 ,7069.638 ,7184.039 ,7291.968 ,7368.779 ,7399.505 ,7392.942 ,7377.002 ,7351.079 ,7285.433 ,7169.643 ,7017.566 ,6854.797 ,6677.793 ,6500.009 ,6331.258 ,6167.188 ,5990.920 ,5802.574 ,5626.438 ,5471.882 ,5328.134 ,5177.753 ,5027.465 ,4851.522 ,4636.386 ,4395.579 ,4143.326 ,3903.072 ,3689.269 ,3471.476 ,3233.818 ,3093.260 ,3069.524 ,2819.196 ,2342.275 ,1638.762 ,1386.390 ,938.790 ,2156.830 
5013.663 ,5046.210 ,5077.718 ,5108.237 ,5139.399 ,5167.363 ,5194.630 ,5221.232 ,5247.200 ,5272.612 ,5297.545 ,5321.798 ,5345.308 ,5368.248 ,5391.210 ,5414.509 ,5436.759 ,5457.469 ,5477.567 ,5498.450 ,5519.810 ,5543.649 ,5571.097 ,5601.361 ,5632.266 ,5663.947 ,5697.904 ,5734.568 ,5773.234 ,5812.410 ,5851.972 ,5892.400 ,5933.644 ,5975.151 ,6015.861 ,6055.319 ,6094.297 ,6132.854 ,6170.022 ,6205.776 ,6241.317 ,6268.522 ,6283.725 ,6291.033 ,6298.308 ,6304.086 ,6312.346 ,6325.901 ,6343.027 ,6360.795 ,6381.720 ,6399.211 ,6410.323 ,6419.700 ,6434.014 ,6450.832 ,6482.864 ,6536.766 ,6606.575 ,6674.175 ,6736.595 ,6818.338 ,6927.645 ,7049.864 ,7161.382 ,7266.060 ,7339.099 ,7365.451 ,7353.951 ,7332.557 ,7300.568 ,7228.521 ,7106.110 ,6946.998 ,6776.371 ,6590.654 ,6403.415 ,6224.445 ,6049.246 ,5861.149 ,5660.628 ,5469.763 ,5296.975 ,5132.679 ,4961.808 ,4790.902 ,4594.568 ,4359.777 ,4100.113 ,3829.041 ,3583.694 ,3361.428 ,3111.729 ,2826.658 ,2673.361 ,2619.821 ,2380.574 ,1955.623 ,1344.967 ,1003.031 ,2231.279 
4978.013 ,5011.607 ,5044.132 ,5075.627 ,5106.132 ,5135.688 ,5164.334 ,5192.111 ,5219.059 ,5245.218 ,5270.686 ,5295.560 ,5319.592 ,5342.704 ,5365.111 ,5387.492 ,5410.176 ,5431.755 ,5451.744 ,5471.113 ,5491.276 ,5511.904 ,5535.224 ,5562.477 ,5592.773 ,5623.722 ,5655.491 ,5689.584 ,5726.410 ,5765.263 ,5804.665 ,5844.483 ,5885.167 ,5926.651 ,5968.382 ,6009.316 ,6048.993 ,6088.140 ,6126.793 ,6164.001 ,6199.773 ,6235.302 ,6262.474 ,6277.629 ,6284.865 ,6292.025 ,6297.642 ,6305.713 ,6319.055 ,6335.931 ,6353.380 ,6373.905 ,6390.968 ,6401.642 ,6410.530 ,6424.216 ,6440.242 ,6471.403 ,6524.376 ,6593.125 ,6659.416 ,6720.264 ,6800.135 ,6907.227 ,7026.865 ,7135.450 ,7236.829 ,7306.063 ,7328.029 ,7311.598 ,7284.760 ,7246.719 ,7168.305 ,7039.330 ,6873.256 ,6694.850 ,6500.506 ,6303.898 ,6114.791 ,5928.545 ,5728.705 ,5516.100 ,5310.595 ,5119.656 ,4934.888 ,4743.606 ,4552.162 ,4335.527 ,4081.190 ,3802.788 ,3513.023 ,3262.695 ,3032.070 ,2750.581 ,2418.229 ,2252.265 ,2168.946 ,1940.891 ,1568.100 ,1050.574 ,2344.118 
4947.027 ,4979.395 ,5012.706 ,5045.145 ,5076.698 ,5107.352 ,5137.169 ,5166.210 ,5194.093 ,5220.660 ,5246.118 ,5270.960 ,5295.238 ,5318.617 ,5341.030 ,5362.729 ,5384.412 ,5406.388 ,5427.472 ,5447.290 ,5466.716 ,5486.948 ,5507.690 ,5531.174 ,5558.617 ,5589.130 ,5620.337 ,5652.393 ,5686.775 ,5723.877 ,5762.991 ,5802.653 ,5842.728 ,5883.621 ,5925.246 ,5967.064 ,6008.063 ,6047.779 ,6086.934 ,6125.568 ,6162.726 ,6198.409 ,6233.806 ,6260.819 ,6275.796 ,6282.824 ,6289.716 ,6295.001 ,6302.704 ,6315.647 ,6332.075 ,6348.964 ,6368.792 ,6385.121 ,6395.055 ,6403.126 ,6415.753 ,6430.443 ,6460.116 ,6511.473 ,6578.365 ,6642.395 ,6700.581 ,6777.194 ,6880.312 ,6995.297 ,7098.715 ,7194.383 ,7257.159 ,7271.841 ,7247.355 ,7211.831 ,7164.437 ,7076.022 ,6936.423 ,6759.073 ,6568.889 ,6362.466 ,6152.480 ,5948.289 ,5745.846 ,5530.184 ,5302.417 ,5080.947 ,4872.853 ,4670.805 ,4460.479 ,4262.891 ,4040.563 ,3772.864 ,3470.711 ,3180.975 ,2947.839 ,2724.946 ,2455.817 ,2140.452 ,2140.931 ,1925.732 ,1570.922 ,1076.499 ,2505.986 
4917.472 ,4950.678 ,4981.433 ,5014.466 ,5046.822 ,5078.437 ,5109.245 ,5139.328 ,5168.766 ,5196.759 ,5222.949 ,5247.709 ,5271.928 ,5295.611 ,5318.340 ,5340.055 ,5361.050 ,5382.036 ,5403.306 ,5423.897 ,5443.547 ,5463.032 ,5483.336 ,5504.195 ,5527.846 ,5555.484 ,5586.218 ,5617.687 ,5650.035 ,5684.711 ,5722.094 ,5761.473 ,5801.402 ,5841.739 ,5882.847 ,5924.619 ,5966.528 ,6007.599 ,6047.358 ,6086.527 ,6125.146 ,6162.260 ,6197.858 ,6233.126 ,6259.985 ,6274.785 ,6281.605 ,6288.232 ,6293.185 ,6300.519 ,6313.066 ,6329.046 ,6345.377 ,6364.510 ,6380.107 ,6389.301 ,6396.555 ,6408.124 ,6421.478 ,6449.666 ,6499.411 ,6564.453 ,6626.228 ,6681.756 ,6755.119 ,6854.271 ,6964.614 ,7062.872 ,7152.835 ,7209.156 ,7216.546 ,7183.994 ,7139.769 ,7083.005 ,6984.568 ,6834.313 ,6645.652 ,6443.652 ,6225.109 ,6001.704 ,5782.384 ,5563.699 ,5332.170 ,5089.194 ,4851.713 ,4626.417 ,4407.044 ,4177.625 ,3973.860 ,3745.803 ,3464.693 ,3138.722 ,2848.977 ,2633.021 ,2417.840 ,2161.049 ,1862.648 ,1839.620 ,1517.996 ,1081.063 ,2707.424 
4886.609 ,4918.671 ,4950.773 ,4981.336 ,5014.076 ,5046.337 ,5078.001 ,5108.949 ,5139.284 ,5169.108 ,5197.200 ,5223.000 ,5247.051 ,5270.637 ,5293.714 ,5315.783 ,5336.790 ,5357.070 ,5377.351 ,5397.904 ,5417.994 ,5437.467 ,5457.002 ,5477.370 ,5498.337 ,5522.145 ,5549.966 ,5580.908 ,5612.626 ,5645.253 ,5680.208 ,5717.855 ,5757.484 ,5797.662 ,5838.245 ,5879.550 ,5921.451 ,5963.434 ,6004.559 ,6044.344 ,6083.510 ,6122.098 ,6159.151 ,6194.649 ,6229.774 ,6256.466 ,6271.084 ,6277.693 ,6284.050 ,6288.668 ,6295.631 ,6307.776 ,6323.302 ,6339.066 ,6357.495 ,6372.352 ,6380.804 ,6387.236 ,6397.742 ,6409.754 ,6436.442 ,6484.554 ,6547.715 ,6607.207 ,6660.051 ,6730.130 ,6825.271 ,6930.920 ,7023.972 ,7108.187 ,7158.023 ,7158.112 ,7117.501 ,7064.588 ,6998.471 ,6890.045 ,6729.191 ,6529.290 ,6315.550 ,6084.973 ,5848.232 ,5613.865 ,5379.020 ,5131.709 ,4873.617 ,4620.213 ,4377.798 ,4141.180 ,3892.750 ,3682.891 ,3449.198 ,3154.787 ,2805.119 ,2515.489 ,2316.819 ,2109.449 ,1865.116 ,1583.821 ,1430.137 ,1067.609 ,2916.962 
4853.416 ,4884.053 ,4915.258 ,4946.857 ,4978.121 ,5010.547 ,5042.692 ,5074.385 ,5105.454 ,5136.023 ,5166.214 ,5194.386 ,5219.780 ,5243.108 ,5266.045 ,5288.503 ,5309.897 ,5330.184 ,5349.737 ,5369.300 ,5389.124 ,5408.700 ,5427.983 ,5447.557 ,5467.976 ,5489.038 ,5512.988 ,5540.974 ,5572.105 ,5604.052 ,5636.936 ,5672.149 ,5710.038 ,5749.891 ,5790.292 ,5831.095 ,5872.572 ,5914.575 ,5956.606 ,5997.759 ,6037.546 ,6076.684 ,6115.217 ,6152.186 ,6187.562 ,6222.522 ,6249.030 ,6263.456 ,6269.850 ,6275.933 ,6280.215 ,6286.802 ,6298.537 ,6313.599 ,6328.788 ,6346.502 ,6360.610 ,6368.312 ,6373.919 ,6383.355 ,6394.018 ,6419.191 ,6465.639 ,6526.881 ,6584.053 ,6634.181 ,6700.932 ,6792.004 ,6892.893 ,6980.683 ,7059.098 ,7102.419 ,7095.209 ,7046.567 ,6985.001 ,6909.574 ,6791.231 ,6619.880 ,6408.868 ,6183.525 ,5941.060 ,5691.135 ,5441.873 ,5191.018 ,4928.084 ,4655.040 ,4385.877 ,4126.498 ,3872.788 ,3605.508 ,3389.687 ,3150.506 ,2842.981 ,2469.841 ,2180.508 ,1999.244 ,1799.812 ,1568.088 ,1304.070 ,1045.501 ,3092.788 
4818.854 ,4848.021 ,4878.221 ,4909.232 ,4940.829 ,4972.790 ,5004.890 ,5036.905 ,5068.613 ,5099.790 ,5130.578 ,5161.123 ,5189.364 ,5214.342 ,5236.937 ,5259.217 ,5281.046 ,5301.758 ,5321.318 ,5340.135 ,5358.973 ,5378.060 ,5397.115 ,5416.201 ,5435.805 ,5456.266 ,5477.414 ,5501.495 ,5529.635 ,5560.940 ,5593.102 ,5626.230 ,5661.685 ,5699.799 ,5739.859 ,5780.467 ,5821.472 ,5863.103 ,5905.190 ,5947.251 ,5988.415 ,6028.186 ,6067.279 ,6105.742 ,6142.611 ,6177.849 ,6212.629 ,6238.943 ,6253.172 ,6259.348 ,6265.156 ,6269.099 ,6275.307 ,6286.629 ,6301.221 ,6315.828 ,6332.820 ,6346.174 ,6353.126 ,6357.906 ,6366.270 ,6375.580 ,6399.229 ,6443.996 ,6503.295 ,6558.126 ,6605.520 ,6668.919 ,6755.888 ,6851.982 ,6934.478 ,7007.068 ,7043.864 ,7029.368 ,6972.725 ,6902.543 ,6817.851 ,6689.653 ,6507.893 ,6285.873 ,6049.038 ,5794.804 ,5531.819 ,5267.786 ,5001.049 ,4722.625 ,4434.765 ,4149.977 ,3873.767 ,3603.094 ,3317.103 ,3095.419 ,2850.860 ,2530.369 ,2133.946 ,1845.033 ,1681.229 ,1489.811 ,1270.776 ,1024.127 ,3206.644 
4791.558 ,4819.467 ,4848.981 ,4879.489 ,4910.755 ,4942.541 ,4974.645 ,5006.863 ,5038.789 ,5070.118 ,5100.715 ,5130.921 ,5160.871 ,5188.463 ,5212.746 ,5234.637 ,5256.223 ,5277.349 ,5297.570 ,5316.962 ,5335.838 ,5354.748 ,5373.952 ,5393.174 ,5412.453 ,5432.276 ,5452.998 ,5474.437 ,5498.813 ,5527.234 ,5558.809 ,5591.240 ,5624.635 ,5660.310 ,5698.575 ,5738.732 ,5779.418 ,5820.474 ,5862.130 ,5904.218 ,5946.254 ,5987.356 ,6027.024 ,6065.986 ,6104.291 ,6140.970 ,6175.965 ,6210.443 ,6236.424 ,6250.295 ,6256.070 ,6261.382 ,6264.716 ,6270.272 ,6280.915 ,6294.752 ,6308.405 ,6324.207 ,6336.269 ,6341.862 ,6345.108 ,6351.544 ,6358.490 ,6379.423 ,6421.111 ,6476.856 ,6527.525 ,6570.148 ,6627.864 ,6708.063 ,6796.378 ,6870.451 ,6934.031 ,6960.491 ,6934.043 ,6864.211 ,6780.537 ,6682.190 ,6539.351 ,6341.759 ,6103.304 ,5850.488 ,5580.829 ,5303.128 ,5025.373 ,4746.154 ,4452.529 ,4162.190 ,3880.049 ,3592.167 ,3296.110 ,3010.553 ,2799.702 ,2566.070 ,2267.189 ,1903.060 ,1626.555 ,1438.316 ,1232.863 ,1010.196 ,3255.947 
4763.437 ,4789.933 ,4818.541 ,4848.393 ,4879.200 ,4910.710 ,4942.675 ,4974.912 ,5007.238 ,5039.064 ,5070.004 ,5100.012 ,5129.625 ,5158.971 ,5185.904 ,5209.483 ,5230.664 ,5251.549 ,5271.963 ,5291.687 ,5310.904 ,5329.833 ,5348.810 ,5368.125 ,5387.507 ,5406.973 ,5427.010 ,5447.986 ,5469.709 ,5494.371 ,5523.066 ,5554.900 ,5587.591 ,5621.243 ,5657.126 ,5695.530 ,5735.772 ,5776.522 ,5817.616 ,5859.283 ,5901.360 ,5943.358 ,5984.383 ,6023.936 ,6062.754 ,6100.890 ,6137.366 ,6172.107 ,6206.272 ,6231.911 ,6245.420 ,6250.792 ,6255.605 ,6258.330 ,6263.230 ,6273.190 ,6286.267 ,6298.961 ,6313.568 ,6324.334 ,6328.566 ,6330.274 ,6334.780 ,6339.357 ,6357.564 ,6396.160 ,6448.330 ,6494.818 ,6532.653 ,6584.662 ,6658.061 ,6738.565 ,6804.184 ,6858.728 ,6874.837 ,6836.438 ,6753.429 ,6656.281 ,6544.299 ,6386.856 ,6173.484 ,5918.659 ,5649.931 ,5364.923 ,5072.584 ,4781.187 ,4489.566 ,4180.823 ,3888.096 ,3608.694 ,3309.224 ,2987.859 ,2702.829 ,2502.886 ,2280.262 ,2003.102 ,1671.405 ,1421.203 ,1219.330 ,1001.819 ,3244.286 
4735.225 ,4760.404 ,4787.494 ,4816.707 ,4846.892 ,4877.991 ,4909.741 ,4941.878 ,4974.242 ,5006.670 ,5038.391 ,5068.936 ,5098.348 ,5127.362 ,5156.099 ,5182.368 ,5205.239 ,5225.705 ,5245.885 ,5265.583 ,5284.806 ,5303.845 ,5322.823 ,5341.863 ,5361.285 ,5380.824 ,5400.474 ,5420.720 ,5441.947 ,5463.950 ,5488.894 ,5517.857 ,5549.944 ,5582.888 ,5616.791 ,5652.876 ,5691.411 ,5731.730 ,5772.538 ,5813.662 ,5855.332 ,5897.390 ,5939.341 ,5980.282 ,6019.713 ,6058.380 ,6096.338 ,6132.605 ,6167.085 ,6200.931 ,6226.223 ,6239.367 ,6244.334 ,6248.649 ,6250.763 ,6255.007 ,6264.283 ,6276.597 ,6288.330 ,6301.737 ,6311.205 ,6314.074 ,6314.245 ,6316.819 ,6319.026 ,6334.504 ,6369.999 ,6418.584 ,6460.881 ,6493.920 ,6540.212 ,6606.796 ,6679.472 ,6736.623 ,6782.119 ,6787.872 ,6737.526 ,6641.353 ,6530.748 ,6405.150 ,6233.129 ,6004.015 ,5732.864 ,5448.272 ,5147.966 ,4841.042 ,4536.055 ,4232.085 ,3908.279 ,3613.219 ,3336.609 ,3025.604 ,2678.988 ,2394.538 ,2205.542 ,1993.971 ,1738.588 ,1439.393 ,1218.714 ,995.576 ,3191.898 
4707.013 ,4730.805 ,4756.700 ,4784.410 ,4813.977 ,4844.489 ,4875.875 ,4907.858 ,4940.162 ,4972.647 ,5005.171 ,5036.780 ,5066.924 ,5095.736 ,5124.146 ,5152.268 ,5177.869 ,5200.027 ,5219.775 ,5239.246 ,5258.225 ,5276.944 ,5295.801 ,5314.825 ,5333.923 ,5353.449 ,5373.141 ,5392.971 ,5413.423 ,5434.897 ,5457.176 ,5482.398 ,5511.623 ,5543.957 ,5577.147 ,5611.295 ,5647.575 ,5686.235 ,5726.622 ,5767.480 ,5808.627 ,5850.293 ,5892.324 ,5934.221 ,5975.070 ,6014.371 ,6052.879 ,6090.654 ,6126.705 ,6160.918 ,6194.438 ,6219.378 ,6232.156 ,6236.717 ,6240.532 ,6242.036 ,6245.622 ,6254.212 ,6265.761 ,6276.531 ,6288.737 ,6296.904 ,6298.411 ,6297.045 ,6297.687 ,6297.524 ,6310.271 ,6342.659 ,6387.650 ,6425.749 ,6453.986 ,6494.555 ,6554.312 ,6619.148 ,6667.823 ,6704.263 ,6699.661 ,6637.380 ,6528.064 ,6404.024 ,6264.837 ,6078.273 ,5833.461 ,5546.038 ,5245.638 ,4930.093 ,4608.643 ,4290.125 ,3973.865 ,3635.059 ,3337.722 ,3063.954 ,2741.476 ,2369.677 ,2085.860 ,1907.845 ,1707.364 ,1473.801 ,1207.156 ,987.303 ,3122.110 
4678.196 ,4700.518 ,4725.121 ,4751.714 ,4780.009 ,4809.715 ,4840.544 ,4872.207 ,4904.413 ,4936.873 ,4969.468 ,5002.079 ,5033.565 ,5063.300 ,5091.503 ,5119.299 ,5146.798 ,5171.723 ,5193.162 ,5212.186 ,5230.942 ,5249.197 ,5267.406 ,5286.075 ,5305.139 ,5324.290 ,5343.913 ,5363.752 ,5383.756 ,5404.407 ,5426.119 ,5448.668 ,5474.158 ,5503.637 ,5536.207 ,5569.634 ,5604.015 ,5640.479 ,5679.250 ,5719.694 ,5760.589 ,5801.745 ,5843.393 ,5885.383 ,5927.213 ,5967.958 ,6007.116 ,6045.454 ,6083.033 ,6118.856 ,6152.791 ,6185.975 ,6210.556 ,6222.963 ,6227.118 ,6230.432 ,6231.325 ,6234.254 ,6242.155 ,6252.937 ,6262.740 ,6273.741 ,6280.607 ,6280.751 ,6277.850 ,6276.561 ,6274.030 ,6284.043 ,6313.316 ,6354.702 ,6388.594 ,6412.024 ,6446.859 ,6499.776 ,6556.756 ,6596.945 ,6624.325 ,6609.376 ,6535.188 ,6412.773 ,6275.347 ,6122.624 ,5921.586 ,5661.167 ,5357.574 ,5041.473 ,4710.799 ,4374.936 ,4042.998 ,3714.558 ,3360.870 ,3061.351 ,2790.512 ,2456.670 ,2059.825 ,1776.731 ,1609.745 ,1420.411 ,1208.728 ,974.696 ,3054.317 
4656.144 ,4679.285 ,4702.515 ,4727.777 ,4754.802 ,4783.323 ,4813.072 ,4843.779 ,4875.182 ,4907.017 ,4939.012 ,4971.068 ,5003.093 ,5033.943 ,5062.996 ,5090.512 ,5117.631 ,5144.442 ,5168.891 ,5190.172 ,5209.261 ,5228.096 ,5246.475 ,5264.858 ,5283.730 ,5303.024 ,5322.447 ,5342.373 ,5362.517 ,5382.810 ,5403.737 ,5425.727 ,5448.553 ,5474.275 ,5503.921 ,5536.608 ,5570.134 ,5604.589 ,5641.103 ,5679.904 ,5720.354 ,5761.218 ,5802.307 ,5843.862 ,5885.737 ,5927.421 ,5967.972 ,6006.884 ,6044.939 ,6082.201 ,6117.661 ,6151.148 ,6183.781 ,6207.774 ,6219.579 ,6223.069 ,6225.545 ,6225.406 ,6227.187 ,6233.836 ,6243.191 ,6251.240 ,6260.113 ,6264.596 ,6262.125 ,6256.252 ,6251.383 ,6244.584 ,6249.808 ,6273.789 ,6309.189 ,6336.270 ,6352.181 ,6377.808 ,6419.354 ,6463.242 ,6489.984 ,6503.834 ,6473.270 ,6380.701 ,6238.348 ,6081.626 ,5910.173 ,5691.798 ,5416.188 ,5099.554 ,4766.104 ,4433.388 ,4105.081 ,3762.852 ,3406.357 ,3056.639 ,2779.508 ,2521.598 ,2209.508 ,1843.235 ,1595.324 ,1402.086 ,1190.253 ,959.827 ,3007.259 
4633.355 ,4652.884 ,4679.022 ,4703.155 ,4729.069 ,4756.519 ,4785.259 ,4815.041 ,4845.616 ,4876.751 ,4908.205 ,4939.724 ,4971.232 ,5002.662 ,5032.865 ,5061.228 ,5088.048 ,5114.481 ,5140.596 ,5164.561 ,5185.676 ,5204.825 ,5223.735 ,5242.232 ,5260.784 ,5279.855 ,5299.373 ,5319.063 ,5339.286 ,5359.729 ,5380.307 ,5401.503 ,5423.765 ,5446.861 ,5472.809 ,5502.613 ,5535.408 ,5569.024 ,5603.542 ,5640.096 ,5678.917 ,5719.360 ,5760.182 ,5801.191 ,5842.641 ,5884.388 ,5925.915 ,5966.261 ,6004.914 ,6042.674 ,6079.609 ,6114.694 ,6147.723 ,6179.795 ,6203.194 ,6214.392 ,6217.214 ,6218.852 ,6217.680 ,6218.310 ,6223.704 ,6231.627 ,6237.919 ,6244.656 ,6246.753 ,6241.665 ,6232.818 ,6224.365 ,6213.294 ,6213.723 ,6232.399 ,6261.795 ,6282.049 ,6290.426 ,6306.826 ,6336.975 ,6367.741 ,6381.012 ,6381.311 ,6335.122 ,6224.175 ,6061.900 ,5885.903 ,5695.747 ,5460.076 ,5169.336 ,4839.736 ,4489.012 ,4154.346 ,3833.701 ,3481.266 ,3096.784 ,2751.141 ,2496.507 ,2251.618 ,1961.396 ,1625.841 ,1375.124 ,1165.807 ,944.540 ,2982.796 
4608.810 ,4627.351 ,4648.456 ,4676.607 ,4701.632 ,4728.188 ,4756.050 ,4784.995 ,4814.796 ,4845.226 ,4876.079 ,4907.137 ,4938.166 ,4969.110 ,4999.931 ,5029.472 ,5057.131 ,5083.242 ,5108.977 ,5134.384 ,5157.854 ,5178.794 ,5197.994 ,5216.969 ,5235.577 ,5254.289 ,5273.549 ,5293.284 ,5313.231 ,5333.743 ,5354.475 ,5375.328 ,5396.785 ,5419.309 ,5442.665 ,5468.825 ,5498.775 ,5531.662 ,5565.352 ,5599.919 ,5636.496 ,5675.317 ,5715.736 ,5756.497 ,5797.408 ,5838.733 ,5880.333 ,5921.683 ,5961.805 ,6000.183 ,6037.630 ,6074.220 ,6108.915 ,6141.469 ,6172.966 ,6195.759 ,6206.346 ,6208.497 ,6209.295 ,6207.090 ,6206.569 ,6210.705 ,6217.193 ,6221.722 ,6226.321 ,6226.029 ,6218.325 ,6206.507 ,6194.471 ,6179.132 ,6174.763 ,6188.122 ,6211.498 ,6224.912 ,6225.748 ,6232.908 ,6251.641 ,6269.264 ,6269.050 ,6255.792 ,6193.991 ,6064.707 ,5882.576 ,5687.375 ,5478.593 ,5225.727 ,4919.982 ,4577.562 ,4209.716 ,3873.254 ,3560.421 ,3197.937 ,2785.631 ,2444.225 ,2212.215 ,1980.466 ,1712.258 ,1407.589 ,1147.514 ,934.827 ,2979.417 
4582.139 ,4600.354 ,4620.957 ,4643.708 ,4671.974 ,4697.879 ,4725.062 ,4753.324 ,4782.460 ,4812.267 ,4842.538 ,4873.093 ,4903.740 ,4934.265 ,4964.631 ,4994.828 ,5023.694 ,5050.636 ,5076.027 ,5101.051 ,5125.738 ,5148.702 ,5169.458 ,5188.699 ,5207.730 ,5226.439 ,5245.304 ,5264.744 ,5284.685 ,5304.881 ,5325.671 ,5346.682 ,5367.801 ,5389.508 ,5412.282 ,5435.887 ,5462.248 ,5492.329 ,5525.292 ,5559.041 ,5593.640 ,5630.222 ,5669.026 ,5709.400 ,5750.082 ,5790.874 ,5832.056 ,5873.490 ,5914.643 ,5954.522 ,5992.605 ,6029.723 ,6065.951 ,6100.239 ,6132.304 ,6163.210 ,6185.387 ,6195.357 ,6196.838 ,6196.796 ,6193.560 ,6191.888 ,6194.764 ,6199.813 ,6202.580 ,6205.038 ,6202.359 ,6192.043 ,6177.261 ,6161.651 ,6142.052 ,6132.888 ,6140.927 ,6158.274 ,6164.845 ,6158.143 ,6156.064 ,6163.376 ,6167.854 ,6154.162 ,6127.358 ,6049.981 ,5902.430 ,5700.537 ,5486.233 ,5258.933 ,4988.998 ,4668.401 ,4313.328 ,3928.542 ,3590.444 ,3285.568 ,2913.212 ,2473.290 ,2136.280 ,1926.996 ,1708.491 ,1462.413 ,1188.764 ,939.406 ,2988.776 
4553.434 ,4572.381 ,4593.252 ,4615.868 ,4640.049 ,4665.616 ,4692.390 ,4720.191 ,4748.840 ,4778.158 ,4807.959 ,4838.058 ,4868.306 ,4898.532 ,4928.541 ,4958.318 ,4987.882 ,5016.062 ,5042.279 ,5066.941 ,5091.246 ,5115.204 ,5137.654 ,5158.218 ,5177.494 ,5196.575 ,5215.378 ,5234.387 ,5253.999 ,5274.140 ,5294.576 ,5315.636 ,5336.919 ,5358.295 ,5380.244 ,5403.260 ,5427.104 ,5453.656 ,5483.856 ,5516.884 ,5550.678 ,5585.297 ,5621.871 ,5660.643 ,5700.959 ,5741.545 ,5782.204 ,5823.227 ,5864.479 ,5905.422 ,5945.042 ,5982.818 ,6019.593 ,6055.445 ,6089.315 ,6120.879 ,6151.184 ,6172.737 ,6182.088 ,6182.899 ,6182.018 ,6177.753 ,6174.932 ,6176.549 ,6180.160 ,6181.165 ,6181.485 ,6176.422 ,6163.502 ,6145.764 ,6126.591 ,6102.744 ,6088.796 ,6091.517 ,6102.837 ,6102.571 ,6088.343 ,6077.037 ,6072.941 ,6064.288 ,6037.141 ,5996.819 ,5903.914 ,5738.174 ,5516.618 ,5283.316 ,5037.605 ,4750.723 ,4415.411 ,4047.832 ,3646.272 ,3306.665 ,3009.849 ,2627.771 ,2160.431 ,1827.937 ,1641.426 ,1436.229 ,1212.346 ,969.776 ,2995.609 